CustomerID,Recency,Frequency,Monetary
14646,1,74,280206.02
18102,0,60,259657.3
17450,8,46,194390.79
16446,0,2,168472.5
14911,1,201,143711.17
12415,24,21,124914.53
14156,9,55,117210.08
17511,2,31,91062.38
16029,38,63,80850.84
12346,325,1,77183.6
16684,4,28,66653.56
14096,4,17,65164.79
13694,3,50,65039.62
15311,0,91,60632.75
13089,2,97,58762.08
17949,1,45,58510.48
15769,7,26,56252.72
15061,3,48,54534.14
14298,8,44,51527.3
14088,10,13,50491.81
15749,235,3,44534.3
12931,21,15,42055.96
17841,1,124,40519.84
15098,182,3,39916.5
13798,1,57,37153.85
16013,3,47,37130.6
16422,17,51,34684.4
15838,11,19,33643.08
12748,0,210,33053.19
17404,4,15,31906.82
17389,0,34,31833.68
13098,1,28,28882.44
14680,25,16,28754.11
13081,11,11,28337.38
13408,1,62,28117.04
17857,4,23,26879.04
16333,7,22,26626.8
13777,0,33,25977.16
12753,22,6,21429.39
12744,51,7,21279.29
16210,1,18,21086.3
17675,1,31,20374.28
17381,8,29,20275.61
12471,2,30,19788.65
15039,9,47,19766.59
12731,23,12,18895.91
15159,1,30,18641.01
12901,8,28,17654.54
12678,42,12,17628.46
14031,7,19,17286.86
17428,0,28,17256.85
13767,2,37,17220.36
13881,3,20,17159.52
16839,8,34,16594.35
12921,9,37,16587.09
17677,1,30,16345.38
15189,1,41,16225.39
14607,15,14,16209.5
15856,4,27,16143.64
14051,0,23,15610.39
15513,33,19,14758.22
16133,3,33,14589.04
14866,10,12,14389.9
16705,0,20,14034.99
12681,14,22,13787.54
12621,1,20,13689.67
12540,19,17,13400.24
12433,0,7,13375.87
15498,2,27,13316.4
12477,22,6,13219.74
17735,2,19,13110.02
16525,2,26,13027.45
14258,9,9,12669.98
13078,3,26,12627.94
12536,43,3,12601.83
15640,4,15,12416.11
16000,2,3,12393.7
17340,29,11,12353.29
12682,3,31,12279.82
13113,0,24,12245.96
14606,1,93,12076.15
12557,16,5,11990.96
12939,64,8,11581.8
15125,25,15,11528.48
14194,4,21,11349.52
12971,3,86,11189.91
14895,7,20,11138.71
12409,78,3,11072.67
17581,0,25,11025.24
15482,15,12,10879.76
13319,5,26,10845.55
17107,33,6,10797.48
13340,45,7,10736.48
17139,15,12,10650.77
16779,2,22,10611.72
17865,30,20,10526.32
17706,4,17,10504.49
15251,9,11,10484.99
14062,9,12,10464.85
14769,2,8,10416.98
15615,10,23,10399.74
15502,15,12,10384.93
16180,100,8,10254.18
16843,42,16,10196.57
12590,211,2,9864.26
13199,3,38,9817.12
13001,4,13,9785.97
15078,7,32,9743.11
12709,15,15,9706.52
13458,7,14,9646.57
14733,16,12,9585.91
16523,1,21,9418.47
12567,22,10,9401.28
14367,8,16,9227.82
14667,10,25,9175.04
18092,2,11,9068.26
12451,10,5,9035.52
13969,7,18,9024.17
13488,17,13,8968.31
13090,8,14,8910.82
16033,5,20,8778.82
17017,2,20,8694.26
17306,10,19,8631.31
16656,22,15,8625.8
17243,1,26,8540.05
14527,2,55,8507.13
12683,4,15,8476.57
18139,17,6,8438.34
15358,4,22,8347.2
16558,0,20,8338.49
14056,1,23,8152.71
14936,33,8,8137.02
16672,2,20,8134.94
13854,8,25,8109.52
14952,59,11,8099.49
18109,1,26,8004.92
14796,1,17,7975.49
12428,25,9,7956.46
15290,4,18,7943.22
14849,21,25,7930.54
12757,15,13,7834.65
13093,275,8,7832.47
12435,79,2,7829.89
13629,23,11,7792.36
17811,4,39,7761.82
15044,19,17,7634.73
15194,3,15,7616.53
18172,14,20,7561.68
13263,1,35,7436.93
12980,157,9,7374.9
15465,19,18,7354.62
17396,39,8,7330.8
12474,17,18,7324.09
12583,2,15,7281.38
13018,16,28,7277.7
18229,11,20,7276.9
16729,38,21,7205.33
16745,86,17,7180.7
16873,4,6,7123.62
13324,36,10,7121.95
16923,12,19,7069.08
13985,4,15,7060.13
14961,10,9,7044.68
12766,3,7,6989.63
12798,10,3,6977.04
12989,3,15,6924.11
13027,113,6,6912.0
16187,31,15,6911.44
16713,18,15,6910.78
17416,29,7,6893.42
12705,15,9,6868.29
12476,15,11,6816.42
12830,37,6,6814.64
15601,11,14,6776.56
16652,58,7,6773.97
18055,7,10,6761.34
16532,17,3,6748.8
15023,3,11,6720.41
13576,10,18,6717.34
15249,31,13,6688.46
16746,4,18,6680.11
16353,3,23,6675.71
12626,23,9,6620.48
16182,72,4,6617.65
15144,8,17,6580.44
12472,32,7,6572.11
17338,17,8,6493.54
18223,4,14,6484.54
15694,0,14,6479.4
13225,3,7,6463.84
13102,1,24,6424.09
12431,35,15,6419.95
16814,14,21,6416.7
13871,22,13,6403.25
12359,57,4,6310.03
13668,2,21,6309.83
13709,3,13,6307.65
15005,15,28,6295.37
16126,29,4,6287.77
17315,1,38,6281.23
14057,23,17,6211.66
12357,33,1,6207.67
14060,4,19,6140.42
13418,11,18,6127.43
15939,89,15,6115.01
17509,57,8,6083.64
14735,3,32,6065.69
13097,32,10,6003.22
12637,67,8,6002.9
14101,73,6,5976.79
15382,14,6,5955.71
14944,29,12,5900.25
13209,30,8,5891.61
13534,2,25,5870.08
14505,17,8,5859.43
14415,1,13,5855.57
13050,14,17,5836.86
12720,2,25,5781.73
15218,10,11,5756.89
17686,7,7,5739.46
13316,37,4,5732.93
13178,26,11,5725.47
16553,163,12,5719.82
13468,1,37,5704.97
14110,3,12,5683.15
17716,22,11,5655.99
13004,11,18,5655.91
17049,2,9,5655.03
18118,10,26,5625.08
17757,1,30,5593.39
12839,2,14,5591.42
12481,22,10,5579.82
14688,7,21,5579.1
14049,16,4,5578.72
16767,30,11,5575.56
12539,22,4,5568.35
16161,1,19,5533.67
18225,3,12,5504.96
16609,15,7,5493.46
15805,23,17,5488.18
16985,17,10,5464.12
16265,9,9,5447.0
18198,4,17,5425.56
12490,5,10,5417.93
17809,16,12,5411.91
16701,8,13,5398.3
17719,37,15,5396.04
17850,372,34,5391.21
16303,25,3,5360.63
13269,1,15,5343.28
17730,3,13,5298.48
15150,17,10,5291.33
17061,73,11,5232.23
18226,44,11,5228.05
12362,3,10,5226.23
16258,45,5,5203.51
13756,2,14,5189.52
16191,2,13,5180.52
15727,16,7,5159.06
13599,1,21,5149.92
17858,5,12,5140.66
15903,9,7,5126.76
13941,21,5,5112.96
15046,9,15,5090.42
16700,8,13,5076.55
13139,16,7,5064.94
12432,42,5,5059.32
17602,2,6,5054.42
15301,50,12,5049.95
17426,8,6,5037.26
15719,32,13,5030.07
14755,9,11,5010.28
14562,3,18,5006.77
12444,21,5,5005.46
14329,17,7,4975.24
15032,256,3,4959.1
12437,1,18,4951.41
12700,7,4,4939.99
14709,15,13,4921.04
15786,46,3,4919.0
15547,7,14,4910.6
17133,15,7,4892.24
12664,8,9,4881.88
12688,113,1,4873.81
14292,7,9,4871.93
17652,25,12,4867.72
15738,18,16,4812.42
13013,1,13,4810.94
15298,2,12,4799.9
15555,12,16,4794.86
15187,1,16,4777.18
17365,12,8,4767.36
12955,1,11,4757.16
14180,10,25,4748.52
15152,9,13,4745.69
16722,17,13,4730.81
17690,30,15,4726.8
12714,9,5,4708.86
14135,1,15,4690.31
14191,1,13,4684.76
15291,25,15,4668.3
14189,2,15,4654.08
14390,10,9,4642.57
14159,19,11,4630.35
14286,23,3,4628.75
13802,138,3,4599.42
15093,18,6,4597.02
14004,43,7,4582.64
16931,5,21,4554.87
17068,12,21,4552.14
17613,22,14,4544.55
12484,32,6,4527.32
13267,2,19,4521.49
15299,67,7,4507.01
12524,9,8,4485.72
17975,15,13,4483.26
14426,23,10,4481.67
12627,10,7,4478.53
17364,0,11,4462.68
16984,88,2,4459.52
13069,0,24,4431.44
14085,2,18,4421.29
15955,24,14,4416.26
16626,0,17,4413.1
15874,63,7,4405.88
14534,2,18,4397.3
12712,28,13,4396.13
13505,72,4,4393.63
12752,81,1,4366.78
16945,21,19,4345.5
14016,161,4,4341.21
14800,47,12,4331.79
17567,7,8,4331.48
18251,87,1,4314.72
12347,2,7,4310.0
17937,8,7,4301.22
15034,15,8,4274.16
14422,0,6,4263.64
12500,23,11,4257.82
17419,11,12,4226.57
14525,19,9,4215.9
15804,0,13,4206.39
15971,17,12,4199.85
12747,2,11,4196.01
14146,8,5,4191.0
14277,15,3,4188.0
12949,30,8,4167.22
13384,30,7,4151.93
15570,7,12,4148.82
13988,19,6,4147.96
12569,2,32,4124.69
17920,4,17,4119.5
16592,4,16,4113.68
13555,73,4,4098.88
16401,1,12,4098.32
18041,11,21,4097.37
16670,16,11,4095.9
12749,3,5,4090.88
14092,7,14,4076.91
12449,22,4,4067.29
17377,23,20,4058.32
18087,98,2,4055.72
14401,4,13,4051.48
12656,17,5,4051.17
16549,10,10,4034.9
13815,22,4,4027.36
15514,12,11,4023.72
17940,49,10,4020.04
12957,9,8,4017.54
12867,26,7,4009.34
12378,129,1,4008.62
16186,22,12,4006.94
12841,4,25,3991.58
17001,0,11,3989.57
15416,64,4,3984.32
12779,37,8,3981.36
12727,10,7,3980.7
14547,3,8,3974.75
14299,8,9,3965.62
13523,33,5,3964.88
15529,22,11,3962.6
17611,7,15,3961.12
13183,7,9,3957.78
17769,12,10,3957.43
17651,11,10,3945.0
12473,29,5,3928.05
17593,3,5,3923.86
14739,4,7,3902.28
13999,10,12,3901.81
14291,1,11,3883.25
15195,2,1,3861.0
18073,114,12,3859.82
12662,0,11,3849.78
16717,23,6,3843.08
13266,11,12,3834.26
17091,2,9,3827.76
16327,14,6,3820.27
12755,280,2,3811.95
12597,19,4,3811.22
15867,5,15,3810.14
13435,5,7,3809.89
12668,11,4,3807.15
16145,8,11,3799.49
16655,17,6,3789.52
16168,10,27,3787.6
16019,46,9,3786.24
12562,8,7,3781.74
17173,5,8,3766.6
13124,89,3,3756.33
12429,9,4,3750.4
14145,46,4,3742.2
13552,66,12,3740.07
16570,15,10,3738.4
12502,95,5,3723.87
12647,22,12,3722.82
13680,1,4,3719.12
17238,2,17,3719.1
16240,24,2,3718.8
14364,108,8,3717.35
15845,17,8,3711.77
15622,43,9,3709.56
17819,71,7,3704.87
15379,169,7,3703.29
14282,3,15,3701.44
12553,8,10,3692.28
16253,66,2,3683.86
13148,29,12,3683.26
15581,120,13,3675.77
15296,50,6,3672.86
16904,4,16,3653.75
15808,306,4,3651.27
12417,3,9,3649.1
13426,0,10,3641.32
12619,16,9,3641.24
16440,7,5,3640.67
13381,31,6,3639.31
17230,264,8,3638.41
17528,1,8,3628.5
13327,38,8,3627.77
13520,58,6,3624.35
13082,126,9,3613.63
18079,45,4,3613.15
16712,9,11,3611.31
15505,52,5,3610.96
13137,10,8,3603.29
14543,28,16,3599.73
15484,1,4,3590.41
14132,2,11,3586.03
16242,8,7,3579.86
17576,8,19,3564.83
14040,40,12,3560.32
17203,35,6,3560.08
17491,1,10,3558.87
15544,9,9,3546.71
14503,3,6,3543.26
12370,51,4,3541.94
13448,16,6,3534.69
12454,56,1,3528.34
17160,31,6,3518.03
13953,7,7,3515.68
15113,9,3,3509.43
16131,51,6,3506.54
13334,82,3,3502.32
14907,3,7,3501.1
16458,2,18,3482.74
14395,2,9,3479.91
13993,42,9,3466.36
13014,10,10,3466.28
15410,84,8,3450.84
16360,4,6,3450.41
15129,50,11,3447.4
13536,1,7,3444.39
15974,39,7,3442.15
17725,16,11,3439.08
15676,18,3,3435.76
14221,42,9,3432.8
12406,22,2,3415.3
15981,24,8,3408.48
17758,19,8,3408.2
13437,14,7,3408.06
17669,42,7,3406.72
13198,10,6,3401.24
15228,66,4,3386.71
13842,58,9,3385.62
16011,8,16,3352.96
14227,26,10,3350.96
16818,10,11,3349.57
16607,17,14,3347.71
17183,7,6,3347.31
12643,128,6,3344.64
12613,57,5,3344.38
13015,53,5,3339.64
12594,37,10,3338.22
16556,66,7,3313.79
13373,60,3,3312.25
14841,53,6,3295.76
15632,15,8,3285.31
12480,28,4,3281.63
15764,88,6,3279.97
17723,127,6,3276.4
14702,1,17,3251.79
13952,217,2,3251.07
13047,31,10,3237.54
15708,40,7,3235.25
14175,59,3,3222.3
13880,21,13,3219.77
15443,1,7,3213.59
14388,10,8,3212.84
16107,17,7,3204.16
13868,7,2,3192.54
13758,11,7,3190.55
14844,63,4,3189.81
17220,24,14,3187.55
17050,96,6,3185.64
12456,44,3,3181.04
17672,50,2,3178.17
13268,17,11,3174.75
16837,31,11,3170.98
16041,30,3,3166.4
17863,59,6,3160.0
15065,37,4,3158.13
17685,16,7,3155.83
15861,12,8,3146.92
14235,75,5,3144.86
17231,12,10,3124.72
13685,2,7,3119.44
16678,2,12,3109.99
13742,16,12,3107.87
14099,16,11,3104.17
15491,95,6,3100.09
14257,64,5,3099.72
14565,95,4,3099.12
13135,196,1,3096.0
16156,8,9,3092.04
13362,9,4,3090.74
16218,29,7,3084.68
13869,123,4,3083.65
17059,29,5,3080.39
15998,36,5,3080.22
18272,2,6,3078.58
12910,23,8,3075.04
13631,99,11,3070.42
16940,52,3,3049.88
16393,2,13,3040.96
16326,5,14,3039.22
17799,22,10,3039.17
16905,5,7,3037.6
16709,84,5,3029.87
12598,9,8,3023.08
12395,19,12,3018.63
18094,81,7,3017.3
14456,5,9,3017.28
12754,235,3,3010.74
15521,40,8,3000.2
17659,17,12,2999.46
17504,206,9,2997.03
12670,10,5,2996.05
14307,88,6,2995.72
15687,8,9,2993.1
14639,52,6,2984.49
14032,2,11,2975.59
15854,4,12,2969.12
16497,49,6,2965.69
17924,11,7,2962.5
16686,47,7,2959.88
14868,3,8,2953.59
12916,138,4,2944.95
17444,147,3,2940.04
16316,64,8,2938.91
17512,28,10,2924.99
15606,61,9,2920.16
12906,11,5,2919.81
14112,22,7,2915.15
12438,14,2,2906.85
13451,26,5,2898.26
17644,1,11,2895.64
18144,7,12,2888.75
12408,32,5,2888.55
13735,24,4,2883.54
16633,17,6,2883.1
14251,1,5,2879.7
17728,3,3,2876.01
14005,9,5,2874.72
15628,4,9,2870.24
13901,72,5,2867.2
12685,28,6,2863.08
14530,25,6,2862.11
18145,12,4,2861.55
14535,60,3,2854.84
14711,10,11,2839.62
14852,58,6,2836.69
14842,43,4,2824.69
16928,80,17,2814.7
16871,22,6,2812.34
12356,22,3,2811.43
18230,9,7,2810.2
17596,23,7,2806.69
14572,3,7,2804.54
16081,56,5,2799.42
13769,2,10,2796.51
14903,21,5,2795.33
12578,21,2,2794.51
12758,116,2,2791.59
17739,11,7,2791.35
14626,23,4,2791.27
16764,3,13,2790.95
17213,40,7,2781.23
12388,15,6,2780.66
15984,2,10,2780.63
14121,3,4,2780.15
15993,8,7,2777.67
13870,2,8,2770.94
15114,30,10,2760.56
13971,18,8,2758.26
13230,4,14,2755.63
15321,70,3,2748.31
17084,35,2,2747.99
12669,150,3,2744.03
13174,16,3,2742.82
14854,78,7,2740.03
16003,29,5,2735.37
12840,143,4,2726.77
15673,88,4,2726.23
12380,21,4,2724.81
17838,26,5,2720.8
14125,10,3,2720.63
14808,39,8,2718.6
15356,31,10,2718.03
12708,29,10,2712.91
16938,8,4,2711.68
15696,33,8,2711.11
17069,28,9,2709.7
13285,23,4,2709.12
15796,1,8,2708.61
13654,43,6,2707.33
14107,51,7,2703.23
14732,8,8,2702.49
17386,7,6,2686.42
12625,211,2,2683.82
13883,10,5,2674.48
18097,7,6,2662.4
14713,9,11,2662.2
12360,52,3,2662.06
14439,319,1,2661.24
15671,18,7,2657.13
12721,31,6,2656.13
13851,95,3,2651.46
16618,31,5,2647.59
13658,9,5,2639.17
17655,10,7,2638.94
13771,64,4,2634.45
12520,79,5,2634.26
17402,4,13,2633.85
18260,172,6,2628.35
15752,39,7,2626.6
13422,64,1,2626.3
13644,16,4,2624.26
17346,3,15,2622.88
18210,1,6,2621.38
16255,16,8,2619.91
14262,8,8,2618.23
13021,4,9,2616.38
15782,9,3,2614.74
14397,2,19,2612.96
18075,23,10,2611.75
12836,59,4,2610.36
12726,28,7,2609.1
13136,56,5,2607.61
13983,29,12,2603.43
17317,46,3,2600.34
17965,37,14,2599.19
12600,28,10,2599.04
14408,10,7,2599.03
13895,28,4,2593.07
16919,156,11,2592.25
16241,9,13,2590.31
14243,8,10,2588.77
13804,30,7,2588.39
18077,8,11,2584.41
13911,57,9,2580.91
14546,5,5,2573.93
18245,7,7,2567.06
15485,30,3,2564.5
16308,37,4,2560.0
15033,4,10,2557.18
16912,28,11,2555.58
14334,16,8,2552.21
14676,31,6,2548.24
14776,51,11,2538.3
17700,16,4,2534.64
15572,4,7,2533.42
14659,8,9,2529.93
17314,24,8,2527.92
14701,10,9,2526.09
13394,1,8,2520.02
17449,2,7,2519.21
15245,134,3,2515.84
13344,67,3,2511.69
12352,36,8,2506.04
13695,31,15,2504.13
13471,1,4,2501.84
15932,4,8,2495.87
16477,63,7,2494.46
15271,7,15,2493.34
12483,17,8,2484.98
12913,4,5,2483.63
12517,28,5,2481.6
14315,44,6,2481.13
13507,3,4,2479.16
13588,15,9,2478.95
17682,10,6,2474.33
17188,11,7,2474.23
14766,8,6,2473.37
16710,19,10,2467.99
17164,32,7,2467.35
12455,73,6,2466.86
17131,5,5,2463.17
15750,2,8,2463.05
13784,9,11,2462.79
13975,31,6,2461.24
15674,73,5,2446.6
14163,87,4,2445.91
14502,19,11,2429.83
17071,28,9,2429.03
15527,18,8,2428.53
13949,2,6,2427.32
16143,3,6,2424.94
17722,96,4,2424.04
15089,10,6,2420.84
15373,8,12,2415.91
12397,35,2,2409.9
17589,60,4,2404.17
15980,88,3,2398.86
18065,5,14,2392.83
13141,84,5,2388.75
15370,40,7,2386.05
14493,7,5,2383.24
14239,43,11,2380.85
15270,15,7,2379.49
13722,131,3,2375.41
17434,2,7,2373.82
13908,79,4,2369.55
17530,1,10,2367.12
15755,10,6,2364.25
12457,66,7,2363.23
14930,108,3,2362.96
14030,18,8,2358.84
17634,36,9,2358.59
14440,8,5,2357.68
15140,52,7,2354.25
14309,8,9,2352.53
12704,7,8,2340.84
18259,24,3,2338.6
12584,3,9,2338.15
18257,39,8,2337.63
15281,58,9,2332.15
12782,4,5,2330.92
15785,32,5,2328.97
17313,31,1,2328.84
17744,3,6,2322.4
17211,26,8,2317.22
14290,11,5,2314.65
15365,25,7,2314.32
17954,5,12,2314.13
13704,5,9,2308.06
15288,43,5,2306.52
16550,108,5,2298.97
15105,18,7,2298.93
13115,11,4,2294.78
15704,140,4,2293.62
12615,2,4,2291.19
17696,38,8,2285.71
12684,7,7,2283.63
14554,10,4,2279.49
13994,3,6,2274.14
13317,66,6,2273.68
14466,29,7,2272.4
16782,10,13,2267.95
16057,16,7,2263.12
16209,88,5,2262.62
16293,21,10,2248.99
13700,26,10,2248.63
17442,36,6,2248.56
14432,9,6,2248.5
15235,217,12,2247.51
16735,78,5,2247.41
16771,33,5,2242.61
13527,33,7,2242.36
14211,53,9,2241.1
14560,7,22,2237.77
16076,3,10,2234.73
18242,72,4,2232.49
12783,2,6,2225.91
13365,33,2,2225.37
15834,70,4,2225.15
15665,168,2,2222.21
14825,3,12,2221.01
15811,22,6,2218.62
12876,57,2,2218.02
14226,28,5,2214.79
16743,29,7,2213.13
15722,35,5,2211.21
12653,148,2,2209.85
13862,18,8,2209.36
15797,113,4,2207.4
15179,18,5,2206.95
17591,73,7,2203.67
15123,7,2,2199.31
13831,16,6,2198.45
14700,32,3,2195.1
16628,29,5,2188.05
17406,333,3,2184.42
15394,9,4,2183.54
12909,39,5,2178.67
12856,7,6,2170.78
12501,336,1,2169.39
14341,45,8,2166.98
12633,58,4,2163.98
12935,2,7,2160.7
16456,99,5,2158.18
14407,107,6,2157.73
16379,4,4,2157.4
13224,60,2,2155.95
16966,8,7,2154.97
17272,42,4,2148.63
14828,196,3,2139.76
12560,5,3,2134.01
13517,59,3,2128.42
18061,21,10,2119.41
13632,24,5,2118.93
14360,31,4,2118.03
18008,70,9,2116.19
14691,30,5,2114.33
13755,3,9,2108.06
14640,24,6,2107.38
18173,86,4,2106.84
18093,93,4,2106.52
14461,148,3,2103.06
15058,25,11,2102.54
15815,63,5,2100.6
13126,4,8,2099.64
12610,22,5,2099.54
17861,3,8,2097.88
17400,126,5,2097.84
16875,67,5,2095.53
17191,28,7,2093.68
14306,51,2,2093.32
13265,53,5,2092.66
17490,0,7,2092.32
13297,7,4,2089.85
13571,12,12,2088.94
18044,4,10,2088.6
14810,40,11,2085.33
16954,0,9,2085.08
17768,8,3,2081.9
16407,12,10,2079.68
14696,4,7,2078.95
14515,17,6,2076.89
14209,10,6,2073.43
18241,9,17,2073.09
18231,192,5,2071.77
18219,2,10,2069.77
12948,16,7,2064.95
12928,35,5,2062.7
16281,72,1,2062.06
14409,71,6,2059.45
12518,0,5,2056.89
17667,66,5,2055.51
14188,30,6,2054.36
16150,42,5,2053.02
17086,7,6,2050.08
17612,53,6,2048.45
14232,42,5,2048.07
18283,3,16,2045.53
13495,7,5,2044.87
17597,213,1,2044.37
13450,26,6,2043.72
14001,45,3,2043.08
12585,234,2,2040.1
17846,85,1,2033.1
13630,5,7,2031.78
16358,1,4,2027.5
16409,36,5,2022.98
14482,18,6,2022.81
15341,80,1,2020.52
17625,18,4,2020.4
13593,108,5,2011.88
18069,26,5,2009.24
15372,137,1,2007.4
16098,87,7,2005.63
14217,1,17,2004.98
14544,24,2,2004.3
17082,33,2,2003.85
16754,372,1,2002.4
18188,15,3,2001.04
13305,4,10,2000.86
16698,226,2,1998.0
17679,52,2,1992.11
17088,28,4,1991.01
17827,5,5,1987.33
13590,11,6,1981.92
17337,151,4,1981.06
14462,66,11,1980.57
13725,49,8,1980.56
17422,16,6,1979.37
18204,71,3,1975.35
17090,4,7,1974.65
15531,8,2,1972.39
16341,24,4,1971.87
12674,38,4,1970.6
17790,26,14,1964.3
17997,74,8,1962.46
13246,18,6,1961.52
14506,17,5,1960.65
14498,42,5,1957.32
12853,134,6,1957.1
15493,32,5,1953.41
17554,1,5,1952.45
17218,4,10,1951.97
14533,24,7,1949.72
15814,16,4,1945.33
14418,3,3,1937.25
15864,22,6,1936.32
15157,3,3,1936.07
15351,12,7,1934.66
12528,9,6,1933.48
14655,8,4,1932.23
13094,21,12,1927.32
14653,1,7,1926.65
15518,64,8,1921.55
14978,72,5,1921.37
14285,21,4,1910.01
17228,15,8,1906.09
16983,12,7,1905.87
14210,105,6,1905.84
15819,49,4,1905.45
16942,12,9,1904.99
14250,7,3,1904.05
12762,7,2,1898.52
14730,1,8,1897.57
14934,81,2,1890.94
12371,44,2,1887.96
15641,105,4,1887.2
16170,50,6,1885.05
13890,1,10,1883.81
16128,17,5,1880.22
17738,19,4,1879.05
17368,23,8,1878.87
15367,57,4,1877.59
17463,16,5,1875.86
16986,29,2,1873.2
13982,39,4,1871.81
15021,8,9,1871.77
17469,16,5,1870.97
16841,36,6,1869.82
17870,2,12,1865.89
16426,2,10,1863.76
16201,3,4,1863.47
14887,79,1,1862.0
12423,0,8,1859.31
14305,71,3,1858.96
12963,8,8,1856.63
17293,8,9,1854.06
14472,103,8,1852.67
16979,3,6,1852.0
12383,184,5,1850.56
17873,80,5,1848.96
12381,4,5,1845.31
17519,17,6,1844.02
14524,31,9,1843.83
18180,4,6,1843.75
12950,2,3,1843.0
16102,42,3,1842.14
16455,63,7,1841.18
14113,3,4,1840.42
14216,3,4,1839.3
13924,1,6,1838.85
17015,28,3,1838.61
14459,155,1,1837.92
18287,42,3,1837.28
13650,16,6,1836.34
15827,73,14,1836.09
14665,60,5,1835.7
13421,40,2,1833.71
16152,268,1,1829.04
15203,25,6,1827.8
17702,30,4,1824.37
16153,49,5,1824.23
17705,3,9,1823.52
16169,8,4,1822.97
17828,22,4,1820.09
13048,14,4,1819.41
17787,152,4,1817.54
17629,5,8,1814.12
15260,100,7,1810.77
16474,7,7,1810.65
13481,45,5,1804.56
17663,25,7,1802.91
15812,107,5,1801.14
16249,52,5,1800.07
13562,81,3,1799.33
13196,11,4,1797.78
17648,60,4,1797.5
12348,75,4,1797.24
18235,71,3,1796.48
13134,85,4,1793.58
18179,9,6,1793.17
18122,8,6,1793.06
13510,1,4,1791.56
12523,19,11,1789.77
14215,11,6,1789.72
14621,1,5,1788.36
13875,53,5,1786.79
14608,4,4,1785.15
14935,297,1,1784.71
15220,51,6,1778.96
12645,33,4,1775.18
17092,50,4,1774.03
15594,15,5,1771.78
15473,14,7,1771.2
16681,72,6,1770.34
16719,14,7,1770.22
13456,17,6,1766.72
16751,30,1,1764.72
12424,162,2,1760.96
12823,74,5,1759.5
12349,18,1,1757.55
15241,66,8,1756.44
16359,7,9,1750.92
13808,5,5,1747.66
15067,78,3,1744.76
15950,31,4,1744.71
16380,61,1,1743.15
13157,49,4,1741.22
14595,19,6,1740.6
17930,35,5,1740.48
17353,129,2,1740.0
17457,126,5,1737.7
15050,25,3,1737.69
14673,3,5,1736.4
17043,32,4,1735.18
14387,32,3,1727.6
13564,144,3,1724.67
17451,1,7,1721.4
14834,17,6,1720.3
15267,22,5,1717.36
17162,28,10,1715.46
13763,63,1,1714.96
17147,22,4,1714.59
14441,0,4,1712.89
17750,5,9,1710.45
12405,148,1,1710.39
15947,82,1,1708.24
12407,49,5,1708.12
16902,116,1,1706.88
15240,44,5,1706.57
16398,154,2,1705.8
16791,29,7,1705.78
12843,65,8,1702.26
17193,35,7,1699.3
13824,32,5,1698.94
17813,14,5,1698.07
12764,316,1,1693.88
16007,47,4,1693.81
14245,219,2,1693.45
16671,28,3,1692.27
16775,10,11,1691.51
15380,8,5,1690.26
17152,194,3,1689.5
12635,89,2,1689.18
13162,122,4,1688.29
13577,25,4,1687.6
17282,130,3,1685.46
15549,77,3,1681.46
16638,22,10,1680.72
13149,14,4,1676.06
17656,73,5,1674.69
13184,14,10,1668.95
17754,0,5,1664.65
12912,2,5,1662.3
12530,59,4,1662.28
15214,1,8,1661.44
15332,366,4,1661.06
12967,358,2,1660.9
16115,9,8,1660.88
14045,109,4,1659.75
15953,15,8,1657.28
15826,56,3,1654.31
16813,8,10,1652.18
16711,3,5,1651.03
14837,89,4,1649.5
13647,9,4,1648.12
17284,60,6,1647.48
13750,53,5,1647.26
13012,9,8,1646.84
12657,11,4,1643.18
15002,115,4,1641.76
14573,179,9,1639.82
13627,59,5,1638.47
15024,9,10,1636.43
12398,45,1,1635.66
15122,114,3,1633.78
14164,70,2,1631.77
12377,315,2,1628.12
14759,4,3,1625.97
13425,108,3,1624.21
16515,52,5,1624.14
15172,8,5,1624.05
14937,56,3,1621.88
17101,10,4,1621.73
18161,15,5,1618.69
16987,3,7,1616.8
14336,16,4,1614.91
16992,10,5,1614.31
15791,43,2,1612.69
14312,46,6,1611.59
14918,115,2,1610.15
12868,185,6,1607.06
16817,2,9,1604.75
12947,143,6,1603.99
15660,25,9,1600.86
14178,8,7,1600.26
16496,8,3,1599.52
16466,33,7,1595.96
13850,129,1,1595.48
17673,1,6,1594.97
16801,163,4,1594.23
16676,33,4,1592.12
14970,68,4,1592.06
15611,9,13,1591.45
18178,128,4,1590.81
14442,204,2,1589.82
13614,24,4,1585.46
16332,28,7,1582.8
12393,72,4,1582.6
14719,1,5,1581.84
14587,18,9,1580.29
12607,60,1,1579.51
13814,92,2,1579.12
16889,194,3,1578.67
13186,39,3,1575.89
17671,15,4,1572.71
16283,5,5,1570.81
12865,26,2,1568.23
15906,19,7,1567.69
15111,29,3,1567.48
15532,25,4,1564.73
17204,175,4,1564.56
13659,205,2,1563.0
17085,123,5,1562.4
18239,218,5,1561.61
14038,78,3,1560.38
16394,56,5,1555.34
13313,22,5,1555.32
15620,56,3,1553.18
15117,14,5,1551.78
13634,33,5,1547.36
14229,51,3,1547.2
16790,3,6,1545.62
16369,18,3,1545.41
13397,72,5,1544.13
12818,261,1,1542.08
17837,42,8,1541.23
16365,17,9,1540.42
17159,21,3,1538.88
13849,51,2,1537.95
12877,3,12,1535.77
15392,4,4,1535.53
15625,103,4,1534.26
13320,78,4,1532.2
13107,44,4,1531.62
12759,52,3,1531.44
14321,10,5,1530.75
14567,56,2,1530.36
15701,2,4,1529.0
16244,211,2,1522.75
16066,16,5,1521.04
13213,56,5,1520.58
13764,70,3,1519.42
14267,162,3,1516.24
13791,127,2,1516.0
16748,17,5,1515.9
16053,32,2,1511.95
16434,29,7,1511.8
16910,4,8,1508.96
15265,151,2,1506.12
12937,15,4,1504.27
15916,16,8,1502.86
16279,21,3,1502.78
13810,28,3,1499.01
15530,21,4,1497.31
14414,91,7,1496.98
14704,11,9,1493.96
17002,85,3,1493.73
16880,30,7,1491.43
15057,275,2,1489.5
13110,31,7,1488.67
13692,24,3,1488.32
17553,129,1,1487.6
14758,144,4,1484.06
16395,60,5,1482.06
18016,32,5,1477.66
14878,12,9,1476.09
14403,130,4,1475.81
16755,114,3,1475.43
12826,2,7,1474.72
14246,110,3,1474.06
14963,9,5,1472.34
15128,60,4,1471.0
17590,2,3,1468.02
16016,3,8,1465.51
14875,107,2,1465.32
15983,22,4,1465.12
12882,9,2,1463.04
14233,49,4,1462.72
17063,21,7,1461.14
16996,30,6,1456.96
13309,7,5,1456.79
13477,37,6,1454.58
14541,58,8,1453.35
16059,65,6,1453.16
14404,33,6,1449.32
14740,197,3,1448.21
17073,17,4,1446.09
13717,32,6,1445.01
13461,38,3,1445.0
17175,44,4,1443.69
14071,3,8,1437.57
15987,12,7,1432.77
14566,110,1,1432.0
16503,106,4,1431.93
13475,191,4,1431.78
15427,33,3,1430.54
16103,7,6,1429.64
13159,8,4,1429.35
14035,28,5,1428.02
15858,15,5,1427.57
15681,25,5,1426.16
17571,50,4,1425.67
15106,17,5,1422.52
16463,21,4,1422.4
16571,26,3,1421.69
14019,46,3,1421.61
14901,11,9,1421.29
14443,53,4,1420.2
16173,15,6,1418.32
17856,1,4,1418.03
17288,9,7,1417.63
14748,29,5,1415.75
16348,32,7,1415.65
16012,35,3,1415.29
16245,23,3,1413.66
15237,1,4,1412.32
15444,9,2,1411.21
15596,100,5,1406.59
17083,109,3,1405.78
16271,2,5,1404.64
15426,19,5,1404.07
18116,67,8,1403.11
14649,4,4,1402.59
15563,22,4,1400.44
14741,11,6,1400.34
15478,40,2,1399.92
18202,199,3,1396.99
13995,15,5,1393.69
17354,50,1,1393.06
15810,78,4,1391.98
13414,133,3,1390.5
13516,21,3,1389.41
16539,2,4,1388.81
15134,14,8,1387.99
12952,5,4,1387.79
12775,17,5,1386.04
13308,22,3,1385.51
18167,23,3,1384.86
17311,78,2,1384.85
13572,205,1,1384.25
15898,1,5,1383.83
15051,23,3,1383.36
14116,19,5,1382.74
16389,53,4,1382.07
17621,21,3,1379.9
12886,67,2,1378.4
15569,103,5,1375.71
14434,21,6,1372.8
15453,1,7,1371.77
17676,4,6,1371.18
15095,103,4,1370.6
14507,23,6,1367.88
13813,39,4,1366.86
14897,7,4,1366.38
13396,29,2,1360.99
16726,26,5,1358.74
17054,28,5,1356.33
14859,12,4,1353.74
15116,17,4,1352.75
16079,16,3,1352.0
16493,79,4,1351.63
12770,210,1,1351.45
15411,26,4,1348.93
16669,23,3,1348.88
12646,4,2,1346.97
14154,239,2,1345.62
15398,16,2,1345.53
12463,53,4,1344.78
16317,119,3,1341.65
13743,2,7,1341.6
18177,31,6,1340.87
16045,119,4,1340.7
13501,288,1,1340.32
15734,114,2,1339.45
12620,14,3,1339.41
15059,40,9,1337.72
17372,40,8,1337.18
12919,8,6,1335.19
14064,29,5,1334.34
15680,9,3,1333.68
17932,29,3,1331.57
12676,24,6,1331.39
16295,9,4,1328.55
13232,12,7,1328.35
15146,164,2,1327.16
17633,31,4,1324.84
17095,22,3,1324.16
16110,45,3,1320.95
14591,15,4,1320.21
14794,2,7,1319.91
16083,100,2,1317.62
12526,0,3,1316.66
12854,78,3,1316.25
14921,30,2,1316.07
12576,35,5,1315.83
14511,11,5,1314.81
14738,42,7,1314.45
14973,107,3,1314.45
16040,65,3,1313.55
12364,7,4,1313.1
17004,46,2,1312.14
12516,77,2,1312.06
14477,19,4,1309.6
16120,59,4,1309.14
14047,8,5,1308.61
13328,316,1,1308.48
14297,17,4,1305.33
12507,134,3,1304.81
17919,88,1,1304.04
15813,207,2,1303.91
16370,82,4,1301.91
15108,141,4,1300.25
13168,36,4,1299.59
16464,19,3,1298.66
12488,9,3,1298.66
12372,71,3,1298.04
15602,8,9,1297.87
17961,21,39,1296.44
16929,3,7,1295.39
16224,57,4,1295.3
15621,4,4,1293.03
16744,11,7,1291.91
16101,70,1,1290.7
14856,36,3,1290.53
15171,331,1,1289.5
15136,2,4,1286.7
16949,3,6,1286.27
17802,82,3,1285.04
17350,8,4,1281.32
13538,43,7,1280.85
15494,21,2,1280.58
16951,134,3,1277.75
16692,256,2,1276.0
12394,63,2,1272.48
13878,54,1,1271.57
16899,7,6,1271.06
12630,9,2,1270.88
13492,136,3,1269.84
14898,23,6,1269.31
13431,67,2,1269.1
14916,70,4,1268.98
15199,59,4,1268.7
16660,16,4,1267.65
17037,87,1,1267.32
17158,32,3,1266.97
14105,239,1,1266.23
13989,65,2,1266.08
16842,100,3,1264.19
15497,17,2,1262.2
16688,1,4,1260.86
17388,77,4,1259.56
15009,12,3,1259.43
14669,241,3,1259.24
17019,11,4,1258.08
17412,2,7,1258.06
13151,295,1,1257.87
14931,4,5,1257.68
16639,31,3,1257.51
17481,3,4,1255.59
13848,92,3,1255.0
17262,52,5,1253.36
14383,38,3,1247.69
12689,25,2,1247.61
13029,30,3,1247.5
12494,15,7,1246.1
13860,1,5,1245.9
16531,22,7,1244.59
17584,7,2,1242.3
17588,100,3,1240.2
17731,79,4,1240.11
12985,0,2,1239.38
13476,178,2,1238.47
14893,9,2,1237.85
13931,95,2,1237.53
15201,87,5,1236.54
18080,18,2,1231.5
18171,58,5,1231.31
15910,0,8,1228.88
14913,35,4,1227.43
12997,22,4,1226.89
12412,74,3,1226.88
14428,7,5,1224.06
15841,72,4,1224.06
15376,40,3,1221.56
15004,147,1,1220.77
14745,112,5,1220.26
15227,36,5,1219.4
13208,58,6,1217.65
14698,1,5,1217.27
13491,51,10,1215.82
17410,16,5,1214.72
13055,78,3,1214.41
17774,96,4,1213.73
18263,25,3,1213.16
13918,49,2,1212.84
16653,16,2,1212.66
12464,10,8,1212.05
17653,36,4,1207.56
16762,19,3,1207.24
14684,25,5,1201.51
13158,94,4,1201.06
17320,100,3,1200.62
15605,36,5,1198.23
13118,19,5,1197.81
16794,1,10,1196.5
17720,26,4,1195.94
17526,4,4,1195.9
15145,4,4,1194.73
12611,52,1,1193.32
13882,2,5,1191.13
12462,18,2,1189.59
15737,14,8,1188.12
16612,32,4,1187.66
17800,37,9,1187.21
15630,45,2,1186.35
17058,81,3,1179.89
16950,56,3,1178.56
16042,22,5,1177.47
13752,124,6,1175.38
12885,63,3,1175.22
12640,23,3,1174.58
15306,64,3,1174.35
14857,59,2,1173.12
12358,1,2,1168.06
13500,23,3,1166.77
14487,26,6,1165.48
14737,3,3,1164.55
14261,50,2,1163.45
14447,18,5,1163.23
16800,11,1,1162.65
12546,46,2,1161.5
15088,21,2,1160.07
18168,176,6,1160.04
13499,17,5,1159.11
16184,64,6,1158.79
17867,30,6,1157.87
17348,14,5,1156.6
16637,32,4,1154.47
13611,89,3,1154.4
16062,9,4,1153.62
12710,96,3,1149.02
17505,161,2,1145.84
16766,273,2,1145.6
12769,238,1,1143.6
17770,198,5,1143.27
15985,123,2,1142.42
16270,353,1,1141.24
13330,92,3,1140.93
13819,301,3,1140.35
16172,95,5,1140.21
17135,16,7,1139.73
17500,17,3,1138.0
17302,14,5,1135.63
17242,108,2,1135.04
15489,22,3,1134.28
16989,7,6,1133.25
13282,18,3,1132.14
13310,28,3,1132.03
18125,29,4,1131.75
15500,8,4,1131.56
13447,23,3,1129.14
16714,218,3,1129.06
14824,10,4,1127.71
12609,78,3,1126.85
14708,2,3,1126.37
17470,44,5,1125.07
14129,1,5,1123.86
13772,33,3,1122.63
13486,78,3,1122.41
17562,14,7,1122.38
14723,10,6,1122.36
16807,142,3,1121.59
16086,59,5,1121.39
15730,65,3,1120.88
14276,98,3,1119.74
12842,70,2,1118.99
17894,71,8,1118.96
17788,73,2,1117.9
13591,64,3,1117.13
17585,109,4,1116.68
16350,21,4,1116.47
12679,58,4,1113.02
14817,200,2,1110.34
15069,179,1,1109.53
12399,119,4,1108.65
15933,21,3,1107.46
16833,1,4,1106.53
12857,210,2,1106.4
14102,5,5,1105.88
17609,40,5,1105.78
13064,12,4,1105.59
14948,23,6,1101.97
15716,145,4,1101.11
17047,85,3,1100.9
14410,92,9,1100.27
14744,16,7,1099.98
15978,77,1,1098.78
13104,3,6,1098.48
17966,37,5,1098.43
14971,35,3,1097.98
14161,215,3,1097.62
16225,44,5,1096.32
13211,10,3,1095.42
13652,45,3,1095.08
15745,19,4,1094.59
15608,28,4,1093.68
18189,77,2,1090.24
13853,57,1,1090.14
12534,130,1,1089.18
15763,31,2,1086.92
16533,19,3,1082.81
13610,12,7,1082.33
14561,75,3,1080.76
13744,95,2,1080.52
13726,38,2,1079.66
15197,10,3,1079.61
12354,232,1,1079.4
14352,157,4,1078.96
16094,11,4,1078.23
16563,53,1,1077.74
13715,281,5,1077.39
16049,40,3,1074.81
13131,23,3,1073.3
15712,9,5,1072.36
15238,29,3,1071.99
13467,10,2,1071.91
13521,1,3,1071.73
17041,26,3,1071.49
13635,67,1,1071.03
17522,1,5,1070.71
13761,50,2,1070.65
14212,89,1,1070.48
16200,4,2,1068.87
16918,49,6,1068.82
15436,12,3,1067.75
15027,30,4,1066.15
17277,227,2,1065.35
14488,67,1,1064.28
12951,8,6,1064.07
15801,46,3,1063.95
12936,17,4,1063.9
12815,147,2,1063.46
14411,310,1,1063.0
16214,170,3,1062.75
15706,63,4,1060.56
17727,15,1,1060.25
18130,15,3,1059.39
17214,60,6,1059.12
13455,24,2,1058.34
15977,17,2,1054.73
12716,3,2,1053.49
14419,10,6,1051.79
16416,26,3,1051.4
15329,39,3,1049.7
14078,101,6,1049.37
17287,26,7,1049.06
15839,33,3,1048.49
16728,46,4,1048.28
15777,241,4,1047.11
15407,33,4,1046.74
16520,186,3,1046.57
14293,3,4,1046.56
15464,338,1,1044.65
15192,119,3,1044.32
14389,65,2,1043.46
15073,9,3,1043.41
12497,81,1,1043.1
13719,15,5,1041.68
18221,22,5,1041.61
15434,8,5,1041.48
16320,172,2,1038.46
14465,246,3,1038.44
16175,94,4,1037.59
17042,2,5,1036.58
12691,28,6,1035.8
16260,50,1,1035.45
13639,74,1,1033.34
14584,169,4,1033.06
17724,71,3,1033.0
15996,88,6,1032.58
12599,29,7,1032.58
12724,5,4,1031.41
17405,1,3,1031.41
13235,212,1,1031.07
12717,151,2,1030.98
13253,156,2,1030.4
17033,86,3,1030.14
15333,208,1,1028.56
16980,255,2,1028.46
16682,4,5,1028.0
16160,65,2,1025.44
14904,2,2,1025.44
15658,190,5,1024.1
17096,15,4,1022.13
14346,120,2,1021.58
13165,46,2,1021.48
12572,8,2,1020.42
13376,99,3,1019.76
18142,157,2,1019.52
13956,5,5,1019.27
12828,2,6,1018.71
12514,267,1,1017.68
13728,36,6,1016.14
12642,25,3,1013.26
12739,78,2,1013.04
17197,29,1,1013.01
14195,201,2,1012.0
14775,58,3,1011.9
16229,87,2,1010.6
14446,0,4,1010.35
12849,31,2,1010.29
13032,52,2,1010.18
14224,110,4,1009.73
16572,127,3,1009.6
16174,126,3,1009.55
17951,39,3,1008.54
17646,219,3,1008.39
14631,50,3,1006.98
13429,10,4,1006.8
13867,31,3,1005.09
14214,30,5,1004.38
13410,24,5,1003.06
14083,4,9,1002.9
12446,57,1,1002.31
12545,75,2,1000.39
15508,189,6,1000.27
18143,116,2,1000.16
12722,85,4,997.63
15110,23,4,996.1
15104,196,2,993.54
17594,85,2,993.18
13363,17,2,992.5
14223,92,3,991.13
16232,43,4,990.88
14514,61,3,990.2
17126,152,5,989.45
15062,71,4,987.86
18237,2,5,987.1
14583,5,5,986.96
17324,17,4,986.48
13117,21,8,984.91
17144,1,2,984.57
12510,142,2,982.57
15133,127,3,982.42
15071,93,2,982.07
16188,44,4,981.86
16085,23,5,981.51
12541,29,3,981.18
18170,33,3,980.31
13509,8,7,979.72
13350,16,2,979.12
15132,18,5,977.93
14920,212,2,977.77
13026,1,5,975.36
16376,8,2,974.96
14522,24,4,974.54
15449,26,3,974.52
12994,4,3,974.42
18194,82,1,973.84
16009,22,4,972.11
15506,22,3,972.08
13155,33,4,971.76
17100,18,2,971.74
14256,260,2,969.06
14138,1,2,965.88
15793,14,3,965.61
15860,40,8,965.16
12550,79,1,964.83
13138,22,6,962.39
14006,115,3,962.19
15156,1,3,961.49
16419,112,6,958.71
18192,71,1,957.97
13823,18,2,957.66
12697,28,3,957.59
14629,4,2,955.26
15948,8,2,955.24
17244,53,1,954.9
17097,2,8,954.42
15835,44,4,954.09
14540,9,3,952.66
15421,58,4,950.36
13636,36,5,949.12
12822,70,2,948.88
17044,25,1,948.48
13748,95,5,948.25
12458,71,2,947.4
15747,12,3,946.64
13261,268,2,944.1
12820,3,4,942.34
14075,4,3,942.26
15289,29,3,939.78
17527,53,4,939.37
17227,18,6,939.32
16584,80,2,936.08
14140,3,2,935.05
16027,91,6,934.62
12924,88,4,933.7
15787,26,3,933.26
13655,114,2,932.97
14532,236,4,932.85
18133,212,1,931.5
16934,54,2,931.03
17289,31,3,931.02
17552,60,4,930.41
17618,5,3,930.28
16907,29,5,928.76
14475,71,3,925.85
14231,183,3,925.71
17048,117,3,925.35
15312,75,4,924.85
13805,52,2,924.6
15654,9,2,922.53
13122,94,2,922.39
16551,95,3,922.12
13934,263,1,922.1
13035,73,2,921.88
14081,302,2,921.62
15576,37,1,921.37
13984,26,5,920.51
17018,40,2,920.1
12652,331,1,919.98
13075,129,1,919.61
16511,21,3,918.33
15253,16,5,918.2
13549,25,7,918.2
14015,52,1,917.34
14712,29,3,917.07
15707,35,4,916.98
17236,12,6,916.13
14141,2,4,915.13
16216,267,1,914.93
16809,23,5,914.69
15587,50,4,913.68
15364,95,2,913.19
14359,19,3,912.18
13192,95,2,911.94
14289,8,6,911.26
13689,63,1,910.0
13782,12,6,908.86
13038,80,3,908.46
17323,15,7,906.52
15480,116,1,905.5
15807,50,3,903.9
16716,266,2,901.2
17848,81,9,901.2
15511,11,5,900.53
12940,54,2,899.69
14625,196,2,899.63
15079,212,4,895.61
15865,40,3,895.13
15211,60,2,894.41
15066,53,1,893.59
12772,59,1,892.47
16361,9,4,891.21
13515,72,4,891.12
15255,66,1,890.85
14240,30,2,890.34
17007,50,6,889.93
14344,127,8,889.93
17829,298,1,889.24
17537,29,2,887.67
16900,16,3,887.11
14623,32,5,886.7
14449,18,4,885.8
15822,3,2,885.47
17704,168,2,885.19
15799,75,3,884.14
15907,3,3,882.72
18236,29,6,882.24
17109,29,6,881.29
13662,85,3,881.26
13037,138,3,881.07
15076,172,1,880.85
17027,78,6,877.56
15653,92,2,877.44
14770,232,2,876.42
15100,333,3,876.0
16513,4,4,874.59
16657,9,4,874.43
13294,189,2,873.74
15208,1,5,870.12
13200,19,4,870.09
13979,73,1,869.87
17566,8,2,869.77
12694,70,2,869.67
13203,9,4,869.46
17886,31,3,869.28
17649,138,1,868.49
14912,16,2,867.85
14715,24,4,867.38
16235,40,5,867.31
14597,11,2,866.24
16567,194,2,865.6
13846,24,3,865.06
12680,0,4,862.81
16266,73,7,861.89
16221,36,3,860.86
12794,53,2,860.41
13339,200,1,860.12
14577,12,4,859.71
14553,19,5,859.27
13566,40,2,856.84
16163,232,2,856.6
12693,127,4,855.91
17064,58,3,855.45
16037,269,3,855.02
12878,236,2,854.99
17560,94,5,854.95
16121,57,2,854.66
14193,67,2,853.39
13991,12,6,852.88
15022,11,4,852.39
12379,81,2,852.24
16070,22,2,852.15
16020,16,3,851.01
18096,11,3,849.06
12713,0,1,848.55
14657,17,4,848.22
16347,11,2,847.45
13221,240,2,847.41
16877,12,6,846.62
14803,162,3,845.55
12847,22,1,843.64
17624,14,2,843.48
17929,11,4,843.0
13929,169,2,842.65
16108,84,1,842.5
16560,26,2,841.41
14862,25,2,841.2
17076,36,3,841.08
14332,22,3,840.21
13940,17,4,839.14
17115,8,3,837.5
16554,42,3,837.1
15832,254,1,836.79
12728,71,4,836.33
16747,37,2,836.06
17169,57,2,835.78
13835,25,4,834.57
17075,17,4,834.12
16644,177,2,833.78
15862,8,4,832.88
14644,67,2,830.76
16924,21,3,829.89
13681,17,4,827.83
12461,94,2,826.88
12781,63,2,826.74
16494,296,1,826.53
12427,21,3,825.8
15164,68,3,824.58
16164,17,3,822.48
12778,19,6,822.23
13893,297,1,821.1
17921,64,4,820.23
17759,17,3,819.96
13220,78,4,819.29
16092,114,3,817.86
16869,22,4,817.12
16943,211,3,816.73
15649,336,2,816.0
15399,1,3,815.77
13811,183,3,814.5
18064,133,2,814.0
16600,4,6,813.52
16621,51,4,813.48
14421,57,2,813.11
16284,31,2,812.68
17980,165,3,811.45
16460,28,3,811.23
16276,176,1,810.6
16624,80,2,810.57
15965,17,4,808.87
14499,26,3,808.44
15533,19,3,807.57
12421,15,4,807.04
13707,267,2,806.41
12434,84,2,806.14
13637,52,3,804.3
18248,122,2,804.02
12422,95,3,803.56
15644,166,4,803.54
18265,72,2,801.51
17114,5,8,801.12
16367,37,2,800.67
15561,11,4,800.59
13720,116,4,799.9
17905,71,4,798.99
17703,35,3,798.74
13280,122,3,798.46
16438,5,5,798.35
13389,11,3,797.96
12701,79,2,797.71
13336,77,1,795.12
15831,58,3,794.64
15990,44,2,792.11
13167,18,4,791.33
14976,57,7,790.86
13016,73,3,789.89
16759,7,3,789.79
13329,31,2,789.0
14557,85,1,788.38
13323,3,5,787.85
13884,7,5,787.6
16546,290,2,787.15
13212,19,3,786.83
13109,59,2,786.54
12628,4,3,786.46
15806,46,3,784.58
18136,63,3,784.33
17180,56,4,783.97
16054,145,1,783.9
15952,33,4,781.91
17006,4,4,781.78
15679,24,4,781.28
13583,155,1,781.03
15239,10,2,780.59
17797,22,3,780.43
18228,56,2,779.9
12735,315,2,779.57
17411,12,3,778.94
13375,88,1,778.65
14815,36,2,778.5
17414,43,2,778.0
16505,31,1,777.6
13563,84,2,777.53
12425,78,1,777.2
15618,32,4,776.85
15743,16,4,775.96
13314,1,3,775.94
13341,260,1,775.85
16825,38,2,775.18
15414,9,3,774.9
16043,37,4,773.99
16222,318,1,773.55
15075,77,1,773.03
17764,50,2,772.55
17409,184,2,771.85
15353,254,2,770.12
14412,42,2,770.03
12965,89,1,769.81
16480,75,1,769.29
13356,80,1,768.24
14672,234,2,765.55
17695,131,2,765.34
14885,131,1,765.32
17516,15,5,764.88
17268,107,4,763.64
17466,10,2,763.28
16806,103,4,762.16
15599,26,2,761.74
14883,18,6,761.59
17425,19,2,759.17
16036,87,2,758.92
15568,2,3,758.29
16725,302,7,758.27
12413,66,3,758.1
16205,30,4,757.63
14550,10,2,757.37
16770,57,5,757.1
15223,225,2,755.75
13370,371,1,754.87
18104,37,1,754.64
14234,22,4,754.12
16470,51,4,752.77
13730,135,2,752.6
13030,11,2,752.44
16256,266,1,752.43
12908,176,2,750.0
17146,105,3,749.78
14923,50,1,749.1
15656,45,4,748.5
16859,144,2,747.81
14201,60,7,747.44
17387,19,2,746.81
14050,31,2,746.36
17034,16,3,745.52
13950,11,4,745.06
14790,16,4,745.06
13236,24,2,744.85
13354,71,1,743.53
16730,52,3,743.11
12374,25,1,742.93
16891,1,5,742.43
12465,17,2,742.19
14662,28,4,741.37
13753,287,1,741.26
13900,183,3,740.95
17692,127,4,740.94
15252,36,2,740.78
12603,21,1,739.2
14756,15,1,738.96
12976,211,1,738.6
17461,22,3,735.82
15074,105,1,735.67
15045,151,2,735.66
15215,46,3,734.94
15525,2,3,734.37
16146,157,3,734.13
17979,35,4,732.41
13575,23,5,732.07
16099,50,3,731.9
16491,46,1,731.5
14778,127,2,730.86
13736,5,2,729.8
12468,187,2,729.54
16261,17,4,728.54
17666,3,2,728.16
13077,1,4,728.02
13623,30,5,727.74
14055,106,1,725.64
16140,65,2,725.18
12723,3,5,725.07
15636,89,2,724.76
12475,53,1,723.38
17521,29,3,723.21
15272,57,2,721.94
14869,8,2,721.45
15584,23,4,720.86
18062,173,3,720.52
16023,46,3,719.81
15274,4,2,716.57
12535,91,2,716.35
15400,92,5,716.2
17888,21,8,716.0
17029,110,2,716.0
15330,32,2,714.96
15757,65,2,714.42
18035,35,3,713.89
12616,95,2,713.3
13169,63,2,712.88
13147,10,4,712.8
17761,32,1,712.78
13416,43,2,712.5
13587,63,1,712.4
17642,119,2,712.29
15855,136,5,712.24
13705,7,3,711.86
17179,178,3,711.79
13249,92,3,711.41
14867,185,3,710.28
16362,32,5,709.99
14127,122,3,709.71
16136,59,3,709.38
15951,8,2,708.22
16449,197,2,707.69
12453,134,1,707.09
16309,106,2,706.57
14126,7,3,706.13
16364,11,2,705.79
16882,66,3,705.12
16015,3,3,704.55
17934,51,2,704.25
12612,74,1,704.04
17974,24,3,703.99
12883,24,4,703.47
15103,31,2,703.36
16997,288,3,702.0
14179,40,2,701.57
14198,18,4,701.4
14356,79,2,701.23
13238,17,4,700.73
17734,53,3,700.63
17812,12,4,699.81
17423,46,2,698.41
14829,29,4,697.55
17472,191,3,697.54
15800,107,2,696.89
15700,172,2,696.68
14009,198,2,695.61
14959,64,4,695.42
17884,3,4,695.07
15304,60,8,694.4
12925,4,2,694.05
15053,4,3,693.95
14643,170,2,693.81
12410,308,2,693.33
13601,45,2,693.32
14111,14,4,692.85
17198,23,3,692.22
17733,38,2,692.19
14880,77,3,690.59
16212,19,2,690.34
17796,40,4,690.0
18085,330,2,689.95
13023,64,2,689.9
15181,66,3,689.48
17502,9,4,689.1
13799,116,2,688.86
16642,4,2,688.33
18196,95,2,686.63
12658,18,1,686.05
15038,58,6,685.74
16122,73,4,684.42
15669,40,4,684.34
17874,185,6,683.46
14222,177,1,683.17
15582,24,3,682.91
17341,156,3,682.29
18135,29,5,681.91
17397,22,2,681.41
12478,3,1,680.99
18082,25,1,680.84
13524,40,5,680.18
16872,77,3,680.02
15322,85,1,679.68
13430,18,2,679.45
14788,7,2,679.44
13925,92,4,678.25
13548,96,2,678.16
13388,131,2,677.1
13040,8,2,676.99
16377,267,1,676.2
15626,74,2,675.8
17462,60,2,675.69
18156,12,2,675.64
15574,177,4,675.64
12942,131,3,675.6
13607,40,1,675.51
13325,81,1,675.3
17994,121,4,674.89
13838,5,4,674.82
13355,122,1,674.7
13464,58,1,674.68
17749,178,2,674.52
13951,176,3,674.45
14504,47,4,673.26
13258,11,3,672.83
14628,91,2,671.96
12838,33,2,671.95
12638,33,1,671.69
12418,112,1,668.58
14342,21,4,668.56
13741,71,3,668.43
16268,71,2,667.65
15969,2,3,666.1
17105,159,2,665.78
13963,308,4,664.54
17883,3,4,664.34
16208,44,2,664.26
13596,5,2,664.11
15643,191,3,664.0
14720,5,3,663.81
13240,96,4,663.65
16573,84,2,663.61
16774,67,4,661.52
13028,22,2,661.32
14603,274,1,660.0
15492,28,2,659.46
13759,33,2,659.41
16357,33,3,658.88
14150,35,2,658.64
16696,135,4,657.9
14818,73,3,657.8
17459,43,2,657.3
15677,49,1,657.23
17321,8,2,657.16
16157,15,3,656.69
13049,64,2,656.68
16708,45,1,656.63
17299,11,4,656.61
16127,39,1,656.25
14894,85,1,655.75
14725,24,1,655.58
16444,46,4,654.67
14651,67,2,653.75
17398,114,3,653.38
18151,134,2,653.35
13496,10,2,653.33
18121,149,2,653.3
15205,85,2,653.24
15031,4,4,653.19
14548,150,2,652.8
17523,11,4,652.74
16056,45,1,650.75
15571,11,4,650.43
16969,39,3,650.41
17779,21,3,650.32
14034,22,3,648.89
16495,3,3,648.26
17777,24,3,647.56
17373,40,4,646.92
16014,37,3,646.83
16734,52,3,646.76
12589,28,2,646.68
14044,26,4,646.42
15651,36,3,646.3
14855,119,2,645.65
12719,5,2,644.95
17312,138,3,644.3
14451,60,2,643.9
16383,74,2,643.76
14020,16,2,642.8
13034,54,2,642.77
15384,169,2,642.41
17545,43,3,642.32
17046,157,1,642.02
15297,10,3,641.94
18218,211,2,641.92
12365,291,2,641.38
12624,106,2,641.13
13417,4,2,640.83
13318,1,3,640.76
12631,57,1,640.5
14301,117,1,640.14
15648,204,2,639.5
17515,31,4,639.02
18160,57,2,638.06
14754,44,2,638.05
14128,60,2,637.5
14481,164,2,636.51
14664,19,2,636.24
15829,99,2,636.14
15773,5,1,635.68
14000,211,1,635.66
16139,18,3,635.41
13892,26,4,632.97
14220,247,2,632.4
16306,213,6,632.27
18183,227,2,632.07
13822,5,2,632.0
14021,155,3,631.9
15244,65,2,631.57
17985,22,1,631.35
13539,85,3,631.34
16418,44,3,631.12
17990,236,3,630.84
13046,30,2,629.31
13525,14,2,628.78
14687,106,1,628.38
13518,85,1,627.16
15028,8,4,627.13
15402,148,2,626.77
14036,284,1,626.65
12577,35,3,626.6
13914,11,2,626.45
16469,23,4,625.42
16750,44,5,623.93
12649,107,3,623.51
15147,240,1,623.5
13368,256,2,623.4
16431,213,3,623.28
15258,168,2,623.16
17499,289,1,622.88
15182,154,2,622.85
17460,94,6,622.43
15768,115,3,621.83
18217,29,2,621.75
16915,9,6,621.68
17640,86,1,621.66
14152,75,2,621.29
13402,127,2,621.23
13546,12,3,621.09
16141,88,1,620.4
12667,58,1,620.13
13493,275,2,618.63
16613,70,1,618.59
13145,39,4,618.52
12596,51,2,618.27
13301,103,4,618.09
16134,21,2,618.09
14593,21,3,617.15
14377,191,2,617.05
16311,17,2,616.26
14905,157,2,616.15
14382,26,1,615.49
15275,37,1,615.14
16566,15,5,614.66
16116,211,1,612.78
18022,35,1,612.72
12513,112,1,612.29
18149,50,3,612.08
15232,113,2,612.06
15645,18,1,612.01
16109,218,2,611.88
16763,198,1,611.85
13731,219,2,610.59
12673,5,2,610.52
15795,149,1,610.01
14636,36,2,609.85
13357,257,1,609.4
16442,1,3,609.3
13933,109,2,608.79
12933,24,3,607.53
17119,3,2,606.91
16718,369,1,606.05
17849,218,4,605.8
14133,129,3,605.64
17507,261,2,605.58
13233,74,2,605.12
14323,114,2,605.06
17664,18,2,604.64
12944,35,2,604.51
16732,31,1,603.75
12707,291,1,603.42
16022,260,1,602.63
15366,75,2,602.51
12654,10,5,601.98
14609,72,4,601.56
16654,141,4,601.27
12420,63,1,600.39
18211,25,5,600.07
12872,326,2,599.97
12521,142,1,599.68
12556,50,2,599.56
14710,14,4,599.48
17420,50,3,598.83
15720,24,1,598.73
13311,4,2,598.57
16298,22,3,598.2
14108,30,2,597.91
14645,156,2,597.09
15381,213,2,596.85
14675,16,1,596.36
14467,17,4,596.26
18246,23,2,596.1
14965,96,2,596.09
13888,119,2,595.67
17658,25,2,595.42
14284,30,2,595.25
13558,5,4,594.52
16788,123,2,594.39
16325,46,3,594.24
13959,79,3,594.04
12917,128,1,594.0
15442,248,1,594.0
16535,5,1,593.75
18232,81,4,592.97
16203,58,4,592.9
14692,137,4,591.55
15573,31,2,591.19
13276,63,2,590.93
13452,259,2,590.0
13270,366,1,590.0
14882,26,2,589.7
16838,197,2,588.85
14338,161,2,588.22
15624,116,4,588.13
17351,36,3,587.15
17890,322,2,586.89
12384,28,2,585.27
13243,203,1,585.12
15222,318,1,585.0
16384,89,2,584.5
16072,288,1,584.32
14023,7,2,584.07
13557,28,2,584.06
15762,65,2,583.75
17014,8,3,583.43
12426,194,1,582.73
13427,19,3,582.6
12695,7,4,582.1
17259,148,2,581.23
18095,312,2,580.05
17142,239,1,579.0
13292,38,2,578.94
17540,24,2,578.9
16005,12,4,578.71
14529,60,3,578.61
12601,189,5,577.06
14176,297,4,576.9
16723,91,2,576.4
15830,37,1,576.0
15550,4,4,575.63
13487,57,3,575.4
14400,149,1,574.7
18123,24,2,574.44
15339,66,2,574.07
15303,290,1,574.02
12879,44,3,573.22
13379,26,3,572.56
13405,74,3,572.45
12816,95,2,572.2
13816,23,2,571.67
17616,173,3,571.2
15821,44,2,570.96
15315,64,2,570.5
13939,23,3,568.55
17360,17,3,568.24
13321,72,2,567.36
16667,68,2,567.18
18150,32,3,566.58
16278,100,1,566.38
16345,44,1,565.46
13894,23,3,564.62
15344,0,3,563.94
16933,1,2,563.23
14753,87,1,563.15
17970,211,1,562.79
14167,39,4,562.59
12414,217,3,562.41
16916,23,2,562.41
12559,310,2,561.71
13946,79,3,561.57
15655,243,1,560.67
13044,291,1,560.47
14273,51,4,559.97
16275,196,1,559.87
15415,313,1,559.61
16906,81,4,559.59
12866,283,1,559.12
17503,2,2,558.96
12987,73,2,558.7
13800,309,1,558.32
14592,35,3,557.94
13260,61,1,557.62
17955,198,4,557.3
16385,60,3,554.86
17864,12,3,554.85
14891,148,2,554.38
14618,9,3,553.44
15068,46,2,553.36
12363,109,2,552.0
17674,74,2,551.04
17291,308,1,550.8
17235,25,2,550.06
17265,138,2,550.01
12390,79,1,549.84
14177,86,4,549.46
16536,110,1,548.12
16031,92,2,547.9
14474,46,1,547.66
16811,4,2,547.07
17637,31,2,547.06
16211,88,1,547.02
17295,28,3,547.0
17520,53,1,546.81
14805,15,4,546.4
14997,46,3,546.2
17806,11,1,546.04
12793,334,2,545.48
16475,88,4,544.3
13617,40,3,544.18
13390,74,1,544.08
16927,115,3,543.05
13278,40,1,542.73
16230,189,2,542.03
17897,172,3,541.81
17447,40,2,541.53
17557,14,3,541.46
13874,358,1,540.45
12743,134,2,540.13
13812,42,3,539.0
14496,311,2,538.81
15469,50,2,538.55
15539,7,1,538.46
14539,15,2,537.48
16206,54,4,537.06
15043,31,1,537.0
16804,23,3,536.99
16233,71,3,536.68
16142,249,1,535.34
13000,106,3,534.85
13385,329,1,534.57
16340,107,1,534.31
17443,219,1,534.24
13434,74,2,534.24
13217,122,3,533.98
17062,313,4,533.33
15433,213,2,533.3
15825,172,1,532.94
12784,9,2,532.82
16706,37,3,531.35
14265,109,2,530.18
18159,301,1,530.15
14002,134,2,529.73
14463,98,3,529.62
16185,16,2,529.41
18043,24,3,529.29
15452,29,3,528.48
17631,1,3,528.33
16602,36,1,528.08
15756,61,4,528.01
12479,11,1,527.2
17623,32,1,527.05
15919,19,2,525.69
17429,128,3,524.92
15467,9,3,524.88
13721,36,1,524.14
17329,14,2,523.11
18017,81,3,523.0
17712,44,1,522.91
12863,52,1,521.2
15149,133,1,520.8
17345,15,4,519.69
14873,210,1,519.68
12571,39,2,519.61
13643,31,3,519.44
16955,184,4,518.67
16650,71,1,518.42
15030,71,2,518.28
18252,50,2,518.27
16892,1,5,518.19
16135,262,1,517.55
17454,192,4,517.53
18205,36,2,517.36
13043,273,1,516.42
15882,198,4,516.36
15809,36,5,515.77
12811,260,3,514.85
15246,238,2,514.15
13005,173,2,513.7
17513,72,1,513.2
17290,3,2,513.01
17805,73,1,512.31
17480,77,1,511.82
15891,226,1,511.68
12582,238,2,511.36
14851,23,2,511.35
16561,5,2,511.12
15406,31,2,510.71
12436,99,1,509.01
15417,85,1,508.8
17391,163,2,508.8
14317,64,1,508.58
17958,116,1,508.46
17415,79,1,507.84
14158,40,1,507.66
14820,21,4,507.29
16960,38,3,507.05
13885,189,2,506.8
16614,182,1,506.19
12988,292,1,505.82
14014,77,1,505.18
15081,22,5,504.8
12991,23,2,503.76
17630,169,2,503.6
15535,173,4,502.9
16863,31,2,502.8
13865,58,4,501.56
15881,312,5,501.39
14871,3,4,501.28
13116,138,1,501.14
13247,17,4,501.12
16898,26,3,501.03
16616,15,2,500.42
15389,172,1,500.0
14077,40,5,499.42
15193,60,1,499.32
14681,71,3,498.95
16488,33,3,498.8
15142,46,1,498.74
17053,130,1,498.48
17298,101,2,498.42
16820,95,1,497.61
17495,7,2,497.56
15300,64,1,496.44
15018,38,3,496.21
12904,18,2,496.06
17374,218,2,495.77
15448,312,1,494.64
16352,17,2,494.44
17333,85,1,494.25
12763,138,2,494.08
14270,331,1,492.65
13732,28,1,491.86
14236,80,2,490.86
15000,47,1,490.52
15877,1,2,490.33
14416,22,2,490.22
18074,373,1,489.6
12809,177,1,489.31
17361,49,3,488.2
14396,65,2,487.99
15165,373,1,487.75
16643,245,1,487.51
13338,157,1,487.02
13675,151,2,486.82
17453,17,2,486.72
15287,22,2,486.69
13153,5,1,486.22
12639,238,1,486.1
15109,245,1,484.95
16999,23,2,484.82
16518,61,2,484.32
13531,205,2,483.8
14958,147,3,483.73
12808,36,3,483.65
14147,78,2,483.4
14450,180,3,483.25
16603,74,2,482.47
17950,72,3,482.2
12504,18,2,482.05
18216,31,1,481.75
13176,46,1,481.49
14130,319,1,480.91
15091,67,1,480.71
15006,51,1,480.38
17555,19,2,480.31
16368,2,2,479.91
16812,360,1,479.35
16008,23,3,478.78
15589,255,3,478.53
16768,47,3,478.09
12644,129,1,477.91
16693,68,2,477.86
13092,70,5,477.83
14320,206,2,477.79
12447,243,1,476.49
18176,358,1,476.35
15507,171,1,475.86
14853,24,2,475.8
14497,309,1,475.37
15780,183,3,475.28
14013,110,3,473.02
16038,7,3,471.78
15721,11,1,471.4
13066,24,2,470.8
15963,19,2,470.76
14431,302,1,470.36
15026,80,3,469.0
15557,28,1,468.91
14896,204,2,468.77
13171,21,3,468.41
14029,63,2,467.66
15468,51,2,467.51
13579,14,2,467.04
16374,66,2,466.73
14205,16,2,466.7
16504,25,1,465.88
13248,124,2,465.68
16742,46,1,464.9
13928,10,4,464.57
16586,248,1,463.95
15349,158,2,463.91
14967,49,1,463.8
12787,9,3,463.66
17418,42,2,463.46
14489,207,1,463.38
17964,31,2,463.21
12945,288,1,462.95
14331,124,2,462.66
14470,11,2,461.19
16824,15,2,460.64
16805,173,2,460.59
12491,38,1,460.4
12355,214,1,459.4
16589,71,3,459.24
17880,364,1,458.92
15754,51,3,458.57
13506,316,2,458.52
15092,215,2,457.81
15121,50,2,457.72
12375,10,2,457.5
13398,192,1,457.34
12564,261,1,456.9
12999,196,3,455.88
14513,100,3,455.59
15585,176,1,455.3
16529,190,1,455.25
14335,16,2,454.86
15471,2,1,454.48
13485,233,1,454.24
17140,247,1,454.12
15475,77,1,454.11
17564,24,3,454.01
18158,9,2,453.4
12729,113,1,453.01
18071,257,2,453.0
14184,66,1,452.89
12591,317,1,452.85
16574,71,1,451.44
15802,142,1,451.42
14173,10,4,450.84
16885,15,3,450.41
17040,137,1,449.73
13489,105,4,449.52
12448,44,1,449.45
15739,66,1,449.12
17579,4,3,448.9
14780,54,2,447.68
15646,157,3,447.64
15368,21,1,446.94
14149,220,1,446.62
17370,72,4,446.18
17190,58,2,444.74
18006,23,1,444.68
14638,50,1,443.6
16404,70,1,443.05
18222,92,1,443.0
12579,78,1,440.42
15524,24,1,440.0
14022,225,1,440.0
18233,325,1,440.0
13954,1,2,439.92
16025,29,1,439.66
12391,21,1,439.66
13359,63,1,439.56
16968,4,2,439.43
13358,268,1,439.03
14272,73,2,437.96
12552,38,2,437.82
16034,196,3,437.7
12592,92,2,437.6
16084,299,1,436.18
15551,36,1,436.06
16948,138,3,435.02
15456,283,3,434.59
14910,2,4,434.35
14460,110,3,434.34
14093,12,1,433.86
12493,165,2,433.74
17035,245,2,433.53
16236,78,1,432.2
16881,66,1,432.0
12452,16,2,430.57
13245,50,1,430.5
12795,18,1,430.48
12827,5,3,430.15
16884,37,2,429.84
15450,30,1,429.84
15230,239,2,429.6
15036,72,3,429.56
15553,60,1,428.93
15957,31,1,428.89
13602,64,1,428.89
17869,107,5,428.18
15360,39,1,427.93
12725,371,1,427.8
12403,49,1,427.7
15976,165,2,427.64
12740,63,1,427.6
12802,186,1,427.58
15930,67,1,426.63
14288,213,1,426.6
15639,134,1,425.32
14157,19,2,424.89
16119,8,2,423.36
17525,359,1,422.7
13473,60,2,422.64
16689,75,2,422.6
18240,46,1,422.58
13140,108,3,422.47
16780,100,2,422.24
18106,329,1,421.9
14757,75,1,420.5
15206,10,4,420.3
15889,156,2,420.07
14124,84,1,419.58
15361,361,1,418.92
18034,21,2,418.68
17371,17,3,418.4
12593,108,3,418.1
17701,252,1,417.95
17232,2,2,417.77
13615,318,1,417.69
16737,53,1,417.6
12833,145,1,417.38
17392,306,2,417.27
13166,283,1,417.2
16816,103,4,417.06
13889,92,1,416.9
17223,310,2,416.89
15935,239,2,416.86
16957,239,2,416.64
13085,157,2,416.08
14139,46,1,415.82
15803,51,1,415.82
12930,78,2,415.8
12580,246,1,415.7
15725,15,1,415.25
14333,67,1,415.2
18001,12,2,415.13
16795,365,1,414.88
14998,170,2,414.87
12993,23,4,414.76
15994,54,1,414.27
16239,56,2,414.2
17483,65,3,414.04
13974,49,1,413.59
16834,227,1,413.46
17134,106,2,413.2
14620,205,2,412.78
15523,84,1,412.01
16272,116,1,411.7
15186,14,2,411.41
15099,84,1,410.48
15695,266,2,409.98
14048,305,1,409.93
13827,57,3,409.8
14348,260,1,409.57
12990,31,3,409.5
15225,234,1,409.4
16243,33,2,409.1
16018,39,2,408.9
15269,23,1,408.8
17913,58,2,408.65
16629,73,2,408.63
16324,128,3,408.59
17931,134,2,408.36
16399,19,2,408.02
15127,65,1,406.53
16947,235,1,406.48
15342,129,1,406.09
14616,242,3,406.08
12970,7,4,405.47
12922,161,1,405.38
15012,53,2,405.04
15938,112,5,404.58
16319,217,1,404.4
16484,173,2,404.3
12498,21,3,403.7
17431,313,1,403.3
15221,366,1,403.25
18036,32,3,403.12
15184,29,2,402.2
12386,337,2,401.9
15158,45,1,401.4
16500,4,6,400.86
16198,75,1,400.68
12792,256,1,400.54
17375,199,3,400.1
18164,37,1,399.65
13255,9,2,399.51
18154,3,2,399.19
17052,28,1,399.09
17830,1,3,398.7
15522,32,2,397.99
13352,60,1,397.98
12508,26,2,397.88
15967,23,2,397.68
15429,26,2,397.35
17926,133,2,397.29
12824,59,1,397.12
13594,52,1,396.97
17486,261,1,396.87
15883,2,2,396.48
18067,40,1,396.33
16354,63,2,395.8
17603,78,1,394.72
14619,245,1,394.44
16207,25,1,394.38
15386,186,1,394.14
15264,64,1,393.74
15345,45,1,393.54
17226,308,1,393.49
14600,305,1,393.33
14670,280,2,392.86
16010,245,3,392.4
15837,64,1,391.98
16917,276,1,391.52
12982,242,1,390.54
18024,152,2,389.78
17379,11,1,389.72
14752,43,1,389.64
13873,119,3,389.6
13345,287,1,389.5
16250,261,2,389.44
15847,38,2,389.27
12690,205,1,389.01
15592,46,1,388.58
13899,16,2,388.52
13856,168,3,388.5
17438,253,1,388.45
14538,64,2,388.25
17817,4,3,387.68
14420,99,1,387.52
13673,18,2,387.44
17508,280,1,387.31
17595,12,2,386.69
14114,273,2,386.53
15664,50,1,386.43
17614,57,1,386.32
14779,280,3,386.15
13821,144,2,385.64
17711,10,2,385.1
13919,59,2,384.81
17357,24,2,384.39
16204,23,1,384.18
17205,53,1,384.08
16982,60,1,384.06
12733,234,1,383.95
13833,159,1,383.85
17189,106,2,383.75
12515,353,1,383.7
15440,54,3,383.68
14304,222,1,383.45
15424,254,2,383.34
12832,32,2,383.03
13817,29,2,382.98
17239,312,1,382.5
13657,10,2,382.14
17250,3,2,381.97
15090,308,1,381.32
16441,67,2,381.2
15048,65,4,381.0
12871,84,2,380.64
17573,29,3,380.6
17138,275,1,380.5
17999,37,2,380.39
17031,11,2,380.35
17936,5,1,380.13
14731,47,3,380.02
16552,242,2,379.73
13656,164,2,379.65
13589,14,2,379.65
17878,43,1,379.45
15885,92,3,379.35
16909,72,1,379.14
16930,26,3,378.89
13372,89,1,378.64
17078,36,2,378.2
17736,9,3,377.44
12890,24,1,376.72
17489,58,2,376.64
13936,179,1,376.58
16858,368,1,375.69
14448,9,2,375.35
14079,124,1,375.1
16147,133,1,375.0
14067,63,2,374.7
17492,248,1,374.57
12873,282,1,374.0
13351,66,1,373.94
16321,72,5,373.65
12895,42,2,372.8
12544,36,1,372.7
12981,29,2,372.22
13300,169,1,371.89
18155,75,3,371.62
15472,113,1,371.56
16776,60,1,371.54
14950,19,1,371.2
15975,84,1,371.01
15063,213,1,370.8
15922,373,1,369.5
16758,65,1,369.34
14888,207,1,369.2
17765,158,3,367.63
16065,365,1,367.14
18181,24,1,366.85
17911,9,1,366.23
17432,18,2,365.76
16499,360,2,365.45
16202,360,1,365.27
14886,252,1,364.8
15949,16,2,364.72
12373,311,1,364.6
15343,87,1,364.5
14528,37,1,364.22
12538,29,1,363.95
17330,22,2,363.9
14171,98,1,363.79
16509,296,1,363.7
18056,288,1,363.65
16485,77,1,363.65
12915,148,2,363.65
14932,365,1,363.53
14427,50,2,363.34
14594,7,2,363.33
16903,29,1,363.2
16378,247,3,362.95
16052,54,1,362.06
15025,33,1,361.96
13844,11,1,361.62
16769,260,1,361.54
16305,138,1,361.22
13291,155,1,361.11
17358,303,2,360.81
16595,61,1,360.16
13780,7,2,360.01
13298,1,1,360.0
15120,133,1,358.82
17948,147,1,358.56
16823,227,1,358.38
13228,81,1,358.0
13976,206,1,357.98
17025,60,3,357.77
16971,38,1,357.21
18040,19,2,357.2
13453,165,2,356.98
14500,88,3,356.85
15713,143,2,356.7
15247,122,1,356.0
16372,33,2,355.73
14537,57,1,355.56
15840,58,2,355.56
17742,113,2,355.11
14690,44,2,355.05
12888,214,2,354.12
12845,267,4,354.09
13173,4,2,353.65
13210,93,1,353.48
13343,177,1,353.43
14804,8,1,353.27
12617,29,1,352.98
15678,52,1,352.7
18112,12,2,352.69
16274,373,1,351.75
15901,16,3,351.73
12566,86,1,351.65
15870,32,1,351.44
15789,358,1,351.3
13923,53,1,351.13
13332,14,1,350.9
15334,156,3,350.82
13740,240,1,350.75
13108,372,1,350.06
12532,30,1,349.83
13670,75,1,349.7
13887,204,1,349.55
18250,310,1,349.27
15405,189,1,349.1
13927,74,1,348.99
17252,116,2,348.91
13790,4,1,348.8
12527,81,3,348.71
16159,281,1,348.2
13052,212,1,348.15
14379,44,2,348.1
13497,282,2,348.05
17668,1,2,347.75
18127,19,3,347.08
13062,191,1,346.98
13649,256,2,346.6
16423,24,1,346.12
13091,28,1,345.82
15781,25,3,345.46
17123,161,1,345.3
13774,81,1,345.0
14633,266,1,344.9
16978,77,1,344.33
17569,332,1,344.14
13068,10,2,344.0
15047,269,1,343.62
15520,1,1,343.5
18081,36,3,343.45
12715,106,1,343.36
12875,143,2,343.23
17795,179,2,342.83
16851,4,3,342.45
17835,2,3,342.24
16826,51,1,341.7
13347,70,1,341.36
14491,175,2,340.93
15115,18,1,340.11
13737,200,1,339.6
17045,113,3,339.44
16545,164,1,339.3
17697,236,1,338.95
16183,67,1,338.71
13569,17,2,338.62
15652,91,1,337.74
15942,133,1,337.44
13930,57,2,337.34
15900,23,1,337.28
17973,51,1,337.04
16105,248,1,336.96
17384,19,2,336.4
15619,10,1,336.4
18078,217,2,336.13
18276,43,1,335.86
14196,106,1,335.52
16063,260,1,335.32
17917,45,3,335.03
12489,336,1,334.93
14988,211,1,334.54
15466,85,1,334.53
17221,7,2,334.48
12350,310,1,334.4
15918,190,2,334.23
14264,154,2,333.97
13216,267,1,333.74
13727,28,2,333.48
16625,274,1,333.08
14902,25,1,332.66
13904,37,2,332.64
16850,333,1,332.41
16803,65,1,332.3
16177,50,1,331.95
16030,309,1,331.24
15210,225,1,331.18
16478,25,3,331.0
12891,185,3,331.0
17862,323,1,330.9
12519,63,1,330.84
13706,302,1,330.79
14517,33,2,330.45
15130,169,1,330.11
16593,50,3,330.03
15714,11,2,330.03
12953,9,1,329.85
17866,142,1,329.65
17615,130,3,329.6
13239,261,1,329.56
17914,3,1,329.36
17154,75,1,329.34
15153,31,1,329.25
15880,369,1,329.03
14012,277,1,328.8
17222,65,1,328.65
16343,16,2,328.58
16855,23,2,328.4
15213,318,2,328.35
14747,249,1,328.2
14206,239,1,328.16
16318,35,1,328.15
15314,199,1,327.97
14024,121,2,327.7
15579,68,2,327.6
16366,18,1,327.3
14870,261,1,327.25
16322,1,2,326.75
14987,15,2,326.4
17715,200,1,326.4
16071,44,1,326.24
15363,372,1,326.0
12844,29,2,325.96
16830,38,1,325.91
14850,311,1,325.75
15944,276,1,325.1
12790,192,1,324.92
13801,66,1,324.8
15597,35,1,324.57
16685,61,2,324.24
18261,43,2,324.24
15675,81,3,323.69
15921,172,1,323.03
16739,176,1,323.0
13955,154,2,322.96
16627,79,1,322.8
16342,75,4,322.41
15224,358,2,322.08
14424,17,1,322.08
14484,50,1,321.92
17976,372,1,321.79
14823,180,3,321.43
15236,298,1,321.05
16096,264,1,320.62
14622,184,1,320.58
13986,17,1,320.46
15107,311,6,319.5
16967,189,1,319.02
17157,7,2,319.0
17229,96,2,318.76
17248,120,1,318.65
14703,14,1,318.17
17839,42,1,318.15
12648,154,1,318.05
18066,75,1,318.0
17172,78,1,317.76
15101,8,2,317.53
17267,127,2,317.2
15257,283,1,317.15
15385,40,1,316.88
15243,74,1,316.68
16761,96,1,316.62
15204,357,1,316.58
17458,15,1,316.5
13494,311,1,316.26
15872,14,2,316.25
14479,253,2,316.25
16473,164,3,316.11
18117,25,1,315.65
12614,277,1,315.6
15766,64,1,315.06
16091,154,2,315.06
17237,11,2,314.69
16193,236,1,314.45
12650,3,1,314.44
16227,225,1,314.22
15970,303,1,314.1
13484,241,1,313.8
16582,113,1,313.62
14729,373,1,313.49
13845,64,1,312.98
15318,3,1,312.62
14555,57,2,312.54
12834,282,1,312.38
13642,215,1,312.28
17362,239,2,312.23
12785,364,1,311.95
16450,149,1,311.92
14142,373,1,311.81
15326,333,1,311.71
14951,79,1,311.69
14327,163,1,311.65
12852,294,1,311.55
13990,213,1,311.3
17854,185,2,311.26
16781,372,1,311.25
13897,50,1,311.16
15185,70,1,310.62
15308,274,1,310.47
14311,242,1,310.26
17912,310,5,310.06
14924,245,1,310.05
15661,317,2,309.8
15699,17,1,309.65
16810,192,1,309.54
14339,242,1,309.52
14847,148,1,309.4
17604,217,2,309.36
12884,88,1,309.05
13787,75,2,309.04
15010,35,1,308.94
16956,17,1,308.74
13699,155,1,308.58
17510,24,1,308.48
13369,365,1,308.28
13466,184,1,307.9
15973,366,1,307.82
16123,51,1,307.78
13529,78,2,307.76
13395,185,1,307.72
13060,253,1,307.53
14716,43,2,307.51
14915,91,2,307.48
17120,233,1,307.46
13932,294,1,307.4
13142,19,1,307.09
17334,302,2,307.02
15087,281,1,306.94
16668,15,6,306.72
13762,218,1,306.72
13718,246,2,306.55
18059,23,3,306.46
15659,43,1,306.45
17176,201,1,306.13
13863,247,1,305.78
15219,176,1,305.75
16796,89,1,305.62
16181,73,1,305.54
13045,99,1,305.28
18220,226,1,305.28
12623,276,1,305.1
17941,130,1,304.56
15163,18,2,304.47
18185,249,1,304.25
16217,235,2,304.25
16674,54,2,304.24
17070,114,1,304.24
17732,372,1,303.97
16400,94,1,303.93
13083,4,2,303.75
17433,88,1,303.16
16425,302,1,302.7
14248,318,1,302.58
16386,28,2,302.57
18165,177,1,302.46
16292,121,1,302.25
17506,75,1,302.2
15054,12,2,302.1
17094,322,1,302.0
16297,268,1,301.9
16715,78,1,301.72
15667,39,1,301.32
15148,10,1,301.29
15623,141,1,301.03
13479,200,2,300.95
17978,365,1,300.92
16430,57,1,300.85
16479,10,2,300.83
14762,263,1,300.52
13304,351,1,300.42
15254,127,1,300.36
17793,25,1,300.34
13745,162,1,300.04
18053,70,1,300.02
18215,89,1,299.34
13667,149,1,299.05
15609,184,1,298.48
17824,51,1,298.4
16104,61,1,298.21
17678,263,1,298.11
12881,275,1,298.0
15857,18,1,297.0
17531,190,1,296.7
13441,91,1,296.64
17266,2,3,296.58
13751,288,1,296.25
13504,64,1,295.93
16998,149,4,295.0
14954,12,1,294.85
15060,8,4,294.25
17124,185,1,294.24
15732,212,2,294.12
16402,264,2,293.45
17163,21,2,293.1
12829,336,2,293.0
16721,262,1,292.47
14985,198,2,292.01
13502,16,3,292.0
13449,23,1,291.88
17255,40,2,291.48
14656,169,2,291.05
14947,72,2,290.82
16648,42,1,290.66
15279,354,1,290.51
17691,358,2,290.4
16526,171,1,290.36
17551,359,1,290.34
13573,50,2,290.25
14784,26,2,289.99
17464,158,1,289.96
17201,53,1,289.78
16897,299,2,289.78
14162,173,2,289.36
16125,367,1,289.35
14549,311,1,289.24
15545,54,2,288.97
17081,25,2,288.91
17501,220,2,288.6
16808,99,2,288.42
15396,112,1,288.18
17977,29,1,288.14
17080,22,2,287.62
17760,21,2,287.59
16432,64,1,287.4
13760,54,2,286.79
16555,35,2,285.89
14660,86,2,285.74
14953,25,1,285.67
17636,19,1,285.56
13708,271,1,285.33
16429,106,1,284.55
18190,192,2,284.46
13121,269,1,283.73
13439,255,1,283.71
12703,71,1,283.55
17783,72,2,283.47
13259,61,1,283.18
18270,38,2,283.15
17694,141,1,283.12
14350,274,1,282.93
13754,151,2,282.6
13177,64,1,282.45
16557,24,2,281.85
16848,52,1,281.42
14242,234,2,280.55
16149,4,2,280.52
17247,15,1,280.09
14975,57,1,279.94
15556,24,1,279.77
14480,11,1,279.05
14764,46,1,278.3
14908,74,1,277.8
13803,255,1,277.07
15355,29,2,277.05
13606,29,3,276.75
13272,31,2,276.56
13544,39,2,276.06
12750,128,1,275.88
14512,187,2,275.28
16313,3,2,274.15
16883,187,2,272.48
17498,75,1,272.22
14819,64,2,272.07
13917,49,2,272.04
14816,197,1,271.85
13058,24,3,271.4
17767,15,1,271.2
17254,4,2,271.19
17496,358,1,271.05
18108,254,1,271.0
17011,30,1,270.9
15774,68,1,270.8
14520,1,2,270.6
13242,112,3,270.4
12558,7,1,269.96
17251,362,1,269.83
13533,182,3,269.09
14727,274,1,268.58
14508,22,2,268.05
15408,264,1,267.18
17550,197,3,267.16
15320,44,1,267.13
15517,233,1,267.03
16451,87,1,266.97
17786,85,2,266.85
14863,29,1,266.76
13837,211,2,266.59
15119,245,1,266.4
12962,7,2,266.39
14068,320,1,265.85
17430,32,2,265.76
14423,218,1,265.2
17968,373,1,265.1
13973,287,1,264.7
15912,178,2,264.62
17403,36,1,263.92
17708,187,2,263.33
12492,63,2,263.21
17194,273,2,262.62
16413,56,1,262.2
16936,25,1,261.9
13189,18,2,260.68
14053,124,2,260.25
15143,225,1,259.45
13127,77,1,259.17
14452,10,2,259.05
15577,151,3,258.88
13277,15,4,258.4
15894,253,2,258.25
13227,201,1,257.7
15014,43,2,257.67
13626,252,1,257.23
16048,373,2,256.44
12430,43,1,256.4
13806,63,1,256.38
17896,23,1,256.32
16727,364,1,256.32
17385,14,1,256.11
16447,135,1,255.91
15277,46,1,255.9
14761,58,2,255.9
14881,19,1,255.4
16226,203,3,255.12
15261,135,1,254.82
15154,75,1,254.28
12604,79,2,254.18
14765,29,3,254.11
15689,119,2,254.1
12797,365,1,254.03
15759,218,3,253.04
15019,266,1,252.81
15035,89,1,252.73
13404,1,2,252.49
15346,332,1,252.42
13645,120,1,252.1
13711,218,2,252.06
16330,17,3,251.91
16836,39,2,251.87
17155,17,2,251.7
16976,267,1,251.52
14501,183,2,251.21
13512,260,1,251.21
16024,12,1,251.03
13207,15,2,250.26
16596,15,2,250.15
17303,361,1,250.04
15510,330,1,250.0
17456,365,1,249.86
16124,317,1,249.0
13061,72,1,248.61
16510,372,1,248.1
15097,4,1,248.08
13592,35,4,247.96
18072,185,1,247.44
18009,235,1,247.39
13349,10,1,247.32
14658,5,2,247.15
15783,10,1,246.3
17278,241,1,246.04
16778,74,2,245.94
17771,56,2,245.81
12660,11,1,245.1
15118,134,1,244.8
16528,3,1,244.41
17892,56,3,244.1
17925,372,1,244.08
13103,39,1,243.94
16793,57,1,243.84
18193,165,1,243.76
13886,71,1,243.56
15634,17,1,243.55
17339,94,2,243.36
16601,40,1,242.7
16215,80,1,242.35
15776,133,1,241.62
14523,108,1,241.09
16427,263,2,241.06
17051,194,1,240.89
15598,53,1,240.68
15286,49,1,240.55
13565,19,2,240.22
17256,107,2,240.0
17181,57,2,239.92
15690,4,2,239.76
13570,243,1,239.49
17684,43,1,239.41
16756,214,1,239.4
12561,302,1,238.85
12718,71,1,238.25
17877,170,1,237.61
14586,276,1,237.36
15457,262,1,237.07
12732,179,1,236.26
16026,43,1,236.09
14647,201,1,236.04
13187,337,1,236.02
14375,185,1,235.56
15850,19,2,234.88
15462,94,3,234.6
14473,74,2,234.34
17060,266,1,234.24
16961,116,1,234.17
12736,332,1,234.0
13348,64,1,233.76
16583,373,1,233.45
16302,126,1,233.22
13678,151,1,232.6
18213,236,1,232.48
16117,189,1,232.21
17908,373,1,232.03
14995,38,2,231.98
15393,16,2,231.86
17111,47,1,231.61
16641,105,1,231.1
18030,4,2,230.65
16445,33,1,230.51
17125,50,1,230.5
13786,367,1,230.4
16926,371,1,230.25
13960,21,2,230.22
12812,44,1,229.64
13008,323,1,229.47
15528,254,1,229.33
14793,21,1,228.99
17347,86,1,228.96
13146,26,1,228.91
13712,246,1,228.84
13070,192,1,228.8
17969,166,2,228.2
16527,81,1,228.06
14569,1,1,227.39
17212,253,1,226.85
13474,236,1,226.84
17572,71,4,226.75
18005,3,2,226.47
17860,368,1,226.45
16315,330,1,226.37
16619,263,1,226.21
17789,281,1,225.9
12672,329,1,225.9
14624,57,2,225.85
12402,323,1,225.6
16690,72,2,225.58
14052,19,1,225.36
15483,161,4,225.26
16587,232,1,225.15
14357,43,1,225.12
17171,289,1,224.91
15175,71,1,224.14
16471,274,1,223.95
16753,58,1,223.92
14929,32,1,223.88
13926,23,1,223.85
15637,52,1,223.36
17534,53,1,223.36
13382,280,1,222.99
16777,80,2,222.62
18101,11,2,222.4
14598,44,1,221.97
14960,8,2,221.27
13419,63,1,221.06
16482,15,1,220.62
13079,4,5,220.1
18114,290,1,220.1
13600,312,1,219.52
15096,42,1,219.39
12702,19,1,219.0
15790,10,1,218.75
13669,50,2,218.55
12574,315,1,218.45
15724,201,2,218.25
14570,280,2,218.06
16634,222,2,217.9
16392,269,1,217.89
15554,277,1,217.2
16080,81,2,217.16
13739,18,1,216.9
13503,71,1,216.85
12897,204,2,216.5
15604,52,1,216.39
17436,1,2,216.3
14104,154,2,216.21
13858,57,1,216.17
18212,326,1,216.07
16179,60,1,215.83
17580,252,3,215.72
16189,15,2,215.48
16190,40,1,215.08
16519,25,2,215.08
12831,262,1,215.05
12588,39,1,214.9
16338,157,1,214.8
17619,312,1,214.37
16846,50,1,214.32
15460,354,1,214.26
16647,169,2,214.06
14601,10,1,213.96
13621,116,1,213.85
17153,24,1,213.78
14241,183,1,213.7
13411,107,1,213.55
16591,68,1,213.5
15540,11,1,213.3
17928,45,2,212.54
15866,101,1,211.89
16017,47,1,211.88
16356,197,3,211.77
16411,19,2,211.7
15703,264,1,211.5
13271,37,1,211.49
12995,85,1,211.32
13532,33,1,210.31
13828,22,1,209.49
17855,372,1,208.97
15327,52,1,208.75
17514,128,1,208.65
15897,194,2,208.59
16457,218,1,208.36
12547,197,2,207.8
18191,261,1,207.8
16866,140,3,207.74
15052,319,1,207.73
16752,372,1,207.5
16323,196,1,207.5
17923,282,1,207.5
13099,99,1,207.36
15925,194,1,207.15
15820,319,1,206.98
17166,38,2,206.34
14964,247,1,206.21
13065,373,1,205.86
17670,227,1,205.7
17843,303,1,205.48
15307,95,1,205.3
15758,24,1,205.25
13513,126,1,205.1
15319,283,1,204.5
17206,53,1,204.24
18273,2,3,204.0
13017,7,1,204.0
17187,226,1,203.95
17394,219,1,203.87
17891,162,1,203.86
17376,70,2,203.2
14381,52,1,202.68
18169,60,1,202.65
14984,19,2,202.37
16895,64,1,202.27
14385,9,3,202.11
13428,10,1,201.78
15347,366,1,201.6
17889,212,2,201.37
13295,359,1,201.2
13284,330,1,201.19
16965,226,1,201.19
13859,326,1,201.16
17988,11,7,201.12
18126,60,1,200.92
17693,137,1,200.47
13262,263,1,200.29
16415,44,1,200.27
15437,262,1,200.16
13980,60,1,200.14
14782,319,1,200.1
13723,217,1,199.85
15593,70,1,199.8
13322,17,1,199.48
16832,184,3,199.15
18110,19,1,198.8
17987,185,1,198.57
16178,138,1,197.9
12450,156,2,197.88
12581,39,1,197.71
14185,331,1,197.65
14789,28,1,197.64
16829,156,1,197.22
15234,276,1,197.0
12586,17,1,196.94
13436,1,1,196.89
15746,134,1,196.88
13978,14,2,196.79
16112,143,4,195.74
13792,66,2,195.55
17010,18,1,195.36
14666,24,1,195.25
15612,36,2,195.15
17475,79,1,194.37
15683,117,1,193.75
15198,92,2,193.64
17343,355,1,193.64
16847,43,1,193.44
14806,75,1,193.39
17383,4,1,193.39
14476,257,1,193.0
12522,39,2,192.72
14768,17,2,192.6
12791,373,1,192.6
16887,35,1,192.33
17608,33,2,191.99
14100,137,1,191.95
15909,173,1,191.94
14087,2,1,191.47
15692,28,1,191.04
17233,35,1,190.88
15723,364,1,190.7
13033,357,1,190.55
15412,171,1,190.53
13972,70,2,190.25
12361,287,1,189.9
13826,176,1,189.5
13663,179,1,189.47
14801,61,1,189.34
14830,53,1,188.88
14697,218,2,188.61
17781,159,2,188.02
17279,57,1,187.83
18013,155,2,187.29
13568,173,1,187.05
17440,156,3,186.42
13672,301,2,186.39
14551,18,2,186.23
15567,18,1,186.01
12641,115,1,185.9
17574,242,1,185.65
14199,218,1,185.4
16097,240,1,185.05
13482,232,1,184.64
17680,23,1,184.4
16433,28,1,184.26
15124,22,2,184.19
14326,242,1,183.85
16914,36,1,183.76
16680,43,1,183.7
14059,266,1,183.6
13460,29,2,183.44
13059,249,1,183.4
14966,14,1,183.02
16448,198,1,182.99
14082,364,1,182.25
16594,75,1,181.09
15886,60,1,181.09
17904,21,1,181.07
15945,365,1,181.0
16835,128,2,180.85
18119,367,1,180.7
18280,277,1,180.6
13710,31,1,180.48
14722,147,1,180.42
12622,232,1,180.1
15041,170,1,179.93
18147,45,2,179.34
15895,149,1,179.17
15454,362,1,179.1
16990,218,1,179.0
14705,198,1,179.0
16620,3,2,178.96
15139,239,2,178.96
15262,323,1,178.95
17660,141,1,178.75
13778,103,1,178.7
17879,173,1,178.52
15292,201,1,178.39
18045,45,1,178.34
17253,18,1,178.26
17356,311,1,178.22
18282,7,2,178.05
16403,312,1,177.5
13618,173,1,177.34
12618,21,1,177.31
13072,266,1,177.15
17947,37,1,176.68
14287,8,3,176.63
12893,30,1,176.55
12509,284,1,176.5
18274,30,1,175.92
17582,236,1,175.27
17331,123,1,175.2
16144,246,1,175.2
18010,256,1,174.8
14355,365,1,174.4
14518,64,1,174.37
18278,73,1,173.9
16861,59,2,173.76
14798,52,3,173.74
16565,364,1,173.7
12441,366,1,173.55
17772,10,2,173.45
15565,50,2,173.16
15670,296,1,173.05
14693,264,1,172.9
12923,64,1,172.82
18048,203,2,172.29
13690,59,1,172.25
13922,351,1,172.25
12442,3,1,172.06
16773,57,1,171.59
17245,204,1,171.45
13560,7,1,171.42
15432,23,1,171.19
14536,259,1,170.95
17542,269,1,170.75
14860,19,1,170.32
15335,53,1,170.22
18058,9,1,170.16
15016,172,1,170.04
13962,21,2,169.55
14218,42,1,169.48
12367,4,1,168.9
14578,3,1,168.63
18269,366,1,168.6
18099,127,1,168.31
15888,80,1,168.31
16282,339,1,168.3
17737,9,2,168.24
15986,30,1,168.12
15374,128,1,168.0
12551,357,1,168.0
16952,109,2,167.61
17367,238,1,167.55
15920,154,4,167.5
16405,302,2,167.25
14295,40,1,166.2
17650,21,1,166.08
12817,281,1,166.04
18088,61,1,166.03
17561,19,1,165.12
18042,53,1,165.05
13470,99,2,165.0
15316,326,1,165.0
15904,8,1,164.68
17535,280,1,164.4
13603,26,1,164.34
14552,151,1,164.22
14354,5,2,163.62
17110,165,1,163.3
17301,21,1,163.24
13223,200,2,163.2
14485,38,1,162.8
12920,17,1,162.78
16517,277,1,162.7
15733,282,1,162.3
18014,28,1,162.22
15325,103,1,161.74
17600,17,1,161.67
15458,25,1,161.64
16113,183,1,161.38
14237,373,1,161.0
13229,225,1,160.95
15852,186,2,160.71
12573,227,1,160.54
18203,157,1,160.42
18146,140,2,160.35
14714,24,1,160.19
12966,9,1,160.18
13598,47,1,160.04
13420,149,2,159.85
16213,78,1,159.0
18224,263,1,158.95
13937,169,1,158.85
15167,320,1,158.8
14089,56,1,158.75
17165,284,1,158.68
15160,357,1,158.16
15348,72,1,158.04
18004,362,1,157.92
17556,205,1,157.9
14799,51,1,157.7
17344,46,1,157.62
14148,233,1,157.2
17128,334,1,157.09
14585,50,1,157.05
17118,317,1,157.02
15007,159,1,156.91
15988,19,1,156.78
14406,119,1,156.75
15438,131,1,156.58
15263,106,1,156.51
17885,12,1,156.34
13898,325,1,155.93
17871,204,1,155.9
17832,49,1,155.37
12738,372,1,155.35
15447,330,1,155.17
13809,305,1,155.05
14368,319,1,155.0
14046,284,1,154.99
17698,260,1,154.95
15740,49,1,154.88
17026,185,2,154.83
17899,159,1,154.55
15226,310,1,154.41
16406,18,1,154.35
16921,61,1,154.18
17517,308,1,153.94
16351,332,1,153.9
12602,58,1,153.12
17714,320,1,153.0
16720,26,1,152.95
16248,61,1,152.94
14813,369,2,152.88
17984,145,1,152.68
18138,295,1,152.65
14066,266,1,152.55
17707,185,2,152.4
14039,33,1,152.2
13514,73,1,152.2
17898,85,2,152.06
16617,235,1,151.85
14208,94,1,151.74
13462,252,1,151.5
14362,22,1,151.5
17286,21,1,151.37
13697,38,1,151.3
16337,36,1,151.05
14073,32,1,151.04
14204,2,1,150.61
18200,106,1,150.35
15717,234,1,150.3
16932,53,1,150.23
17234,182,1,149.89
15869,277,2,149.64
17946,233,2,149.58
18262,140,1,149.48
15435,22,1,149.29
13003,105,3,149.05
17549,23,2,148.86
15526,33,2,148.44
14968,30,1,147.59
14098,36,1,147.35
14037,176,2,147.2
12864,138,1,147.12
17030,63,1,146.87
14238,326,1,146.85
16893,366,1,145.93
12565,288,1,145.92
17935,138,2,145.79
13866,74,1,145.67
15937,64,1,145.35
16598,285,1,145.05
17524,361,1,145.0
16852,10,2,144.91
12974,197,1,144.8
15748,40,1,144.36
14109,72,1,144.2
12587,7,1,144.0
17186,46,2,144.0
17578,218,1,143.46
15705,201,1,143.1
16461,177,1,142.92
13299,268,1,142.5
16287,169,1,142.5
14386,296,1,142.4
13584,306,1,142.4
17859,304,1,141.92
13561,215,1,141.86
14041,266,1,141.41
15503,362,1,141.04
15388,270,1,140.54
13483,65,1,140.34
14494,25,1,139.56
17718,232,1,139.35
16483,192,1,139.35
14772,112,1,139.26
18209,28,1,139.1
15135,239,1,139.05
13273,113,1,138.98
12902,264,1,138.68
14581,16,1,138.6
17122,119,1,138.32
13716,269,1,138.28
15663,106,1,138.14
16050,173,1,137.9
13279,78,1,137.75
17709,169,1,137.45
15836,50,1,137.37
14483,281,1,137.1
17468,10,2,137.0
15691,252,1,136.8
14247,278,1,136.77
16462,73,3,136.0
16412,53,1,135.99
12968,112,1,135.95
15042,199,1,135.93
14889,336,1,135.9
15419,24,1,135.86
16114,170,1,135.75
15174,322,1,135.75
16665,362,1,135.4
17972,241,1,135.19
13364,71,1,134.96
16055,220,1,134.8
14340,218,1,134.7
15562,351,1,134.55
14174,33,1,134.46
12837,173,1,134.1
14280,196,1,134.04
16424,191,1,133.56
14349,10,1,133.5
12445,22,1,133.4
17881,304,1,133.35
15709,283,1,133.25
17647,65,1,133.06
12512,66,2,132.18
17785,53,1,131.94
14438,306,1,131.9
12851,96,1,131.81
17455,203,1,131.7
14795,166,1,131.45
15844,46,1,130.74
16679,366,1,129.75
16611,186,1,129.49
16623,245,1,129.45
15276,66,1,128.63
16828,93,2,128.5
17297,17,1,128.18
17359,11,1,127.86
15543,288,1,127.86
13781,250,1,127.84
15578,162,1,127.1
15923,372,1,127.08
14962,270,1,126.7
16414,21,2,126.25
15463,29,1,126.14
16988,5,1,126.12
12814,101,1,125.92
13522,30,1,125.8
14861,52,1,125.79
14890,253,1,125.65
15017,33,1,125.58
12531,14,1,125.22
17148,51,1,124.88
16849,186,1,124.57
16569,3,1,124.2
14495,50,2,123.8
16658,368,1,123.24
15917,247,1,123.1
13519,78,1,122.75
13876,63,1,122.7
13638,15,1,122.64
16073,297,1,122.4
18018,108,2,122.14
13244,92,1,121.74
13182,45,1,121.18
15049,273,1,121.17
14413,362,1,121.05
15512,155,2,121.0
13002,318,1,120.95
17446,176,2,120.9
14165,275,1,120.44
18015,4,1,120.03
14314,106,1,120.0
14259,141,1,120.0
14453,190,1,119.93
16542,53,1,119.62
15266,338,1,119.3
16666,19,1,118.98
15843,303,1,118.95
17079,78,1,118.8
14155,266,1,118.75
14076,129,1,118.67
13581,309,1,118.0
12929,311,1,117.85
17654,277,1,117.55
16959,87,1,117.35
13877,86,1,117.24
17117,288,1,116.2
17601,239,1,116.01
14143,133,1,115.8
15350,373,1,115.65
13067,82,1,115.46
18027,98,1,115.31
14972,128,1,114.77
13188,11,1,114.6
16247,170,1,114.56
14632,262,1,114.56
17852,11,2,114.34
17219,31,1,114.23
14652,77,1,114.18
12938,25,1,114.14
14582,40,1,114.11
12651,334,1,114.0
14457,310,1,113.64
17217,234,1,113.5
15445,264,1,113.5
18105,37,1,113.48
16913,290,1,113.44
15280,172,1,113.12
14689,208,1,112.8
13161,313,1,112.75
16697,241,1,112.75
13807,367,1,112.6
18129,243,1,112.55
15610,51,1,112.46
17038,30,1,112.4
14271,225,1,112.32
17967,371,1,112.27
17900,190,2,112.2
13193,61,1,112.08
12756,86,1,112.08
17957,66,1,111.68
17887,129,1,111.35
18120,214,1,111.15
13508,243,1,110.97
13144,332,1,110.95
15537,163,1,110.92
15853,51,1,110.8
16963,187,1,110.55
14641,21,1,110.46
12734,352,1,110.4
17901,29,1,110.38
18277,58,1,110.38
16792,282,2,110.38
17746,240,1,110.25
17836,47,1,110.21
13133,273,2,109.8
16363,53,1,109.36
14699,214,1,109.13
14345,38,1,108.98
13170,26,1,108.81
17639,276,1,108.5
16106,65,1,108.38
13226,273,1,108.21
12956,306,1,108.07
14661,26,1,107.95
17274,35,1,107.82
16784,19,1,107.6
15395,325,1,107.45
17893,225,1,107.21
16757,318,1,106.83
15168,25,1,106.56
15070,372,1,106.2
17791,29,1,106.1
16581,182,1,105.84
15775,245,1,104.9
14027,60,1,104.82
15607,336,1,104.76
15958,74,1,104.35
18174,7,1,104.0
17548,233,1,103.3
18255,89,1,103.3
14542,185,1,103.25
18011,373,1,102.79
14836,10,3,102.45
17962,142,1,102.41
14981,246,1,102.12
13948,360,1,102.0
15212,241,1,101.8
16516,30,1,101.7
18068,289,1,101.7
17643,373,1,101.55
16006,211,1,101.4
18086,274,1,101.34
13101,234,1,101.19
16344,158,1,101.1
16498,161,2,100.97
14946,14,1,100.9
17427,71,1,100.8
14371,295,1,100.5
13703,318,1,99.5
17939,159,1,99.14
15256,148,1,98.45
17538,25,1,98.42
17349,179,1,98.25
15422,323,2,97.7
12984,18,1,97.5
17325,280,1,96.8
15216,87,1,96.6
14642,58,1,96.12
17024,45,3,95.85
17895,44,1,95.45
18249,17,1,95.34
12548,166,1,95.2
16387,322,1,94.36
13651,35,2,94.2
16339,284,1,94.05
15397,289,1,94.0
18033,65,1,93.82
15428,15,1,93.78
18227,217,1,93.75
13283,59,2,93.66
17991,225,2,93.35
12821,214,1,92.72
14054,65,1,92.46
12789,65,1,91.85
13551,319,1,91.8
13160,22,1,91.8
12659,29,1,91.68
15488,92,1,91.32
14353,215,1,90.6
13947,65,1,90.6
18084,16,1,90.48
16506,19,2,90.3
15552,217,1,90.12
16597,4,1,90.04
14117,143,1,90.0
14219,4,1,89.94
14974,37,1,89.94
14760,297,1,89.2
12686,371,1,89.14
14436,98,1,89.06
12353,204,1,89.0
15083,256,1,88.2
15180,367,1,87.5
13296,137,1,87.4
15541,114,1,85.13
13841,252,1,85.0
15729,212,1,85.0
13666,60,3,84.65
12401,303,1,84.3
17309,95,1,82.75
13006,56,1,81.57
17620,59,1,81.44
18281,180,1,80.82
16789,8,1,80.8
13967,145,1,80.7
17752,359,1,80.64
13747,373,1,79.6
16078,283,1,79.2
15753,304,1,79.2
17942,7,1,77.5
14785,10,2,77.4
13132,261,1,77.3
13992,30,1,76.8
14373,358,1,76.55
17536,177,1,76.5
13106,133,1,76.5
16148,296,1,76.32
18113,368,1,76.32
14090,324,1,76.32
15668,217,1,76.32
17995,281,1,76.1
17628,81,1,75.75
16610,219,1,75.66
13403,17,1,75.0
16468,74,1,74.9
18050,359,1,74.4
13095,70,1,74.4
17960,171,1,73.78
18032,334,1,73.5
12506,232,1,73.5
16171,59,1,73.2
17906,247,1,72.9
13686,182,1,72.0
13938,35,1,71.66
13185,267,1,71.4
17747,112,1,71.4
17022,31,1,71.0
18037,154,6,70.02
15863,25,2,68.84
14393,218,1,67.95
17382,65,1,65.4
13684,285,1,65.13
13130,94,1,64.0
13302,155,1,63.75
17263,208,1,63.44
12665,324,1,63.0
14437,365,1,63.0
14840,267,1,62.85
13218,127,1,62.64
15516,44,3,62.43
13194,135,1,60.7
17174,217,1,59.9
13391,203,1,59.8
13682,187,1,59.5
14957,253,1,58.49
13080,179,1,58.08
17775,254,1,56.4
15899,368,1,56.25
13366,50,1,56.16
16349,290,1,53.5
15504,81,1,52.83
14865,7,2,52.2
13832,19,1,52.2
15313,110,1,52.0
14682,187,2,52.0
17844,106,1,51.56
14351,164,1,51.0
13011,372,1,50.55
18184,15,1,49.8
14821,366,1,48.8
15603,78,1,48.48
16257,176,1,46.95
14080,32,1,45.6
15423,38,1,43.5
14300,18,1,43.2
15992,3,1,41.99
15178,260,1,40.5
14589,371,1,39.75
12977,156,1,39.24
16659,189,1,39.12
18019,51,1,38.45
12855,372,1,38.1
16162,252,1,37.4
17816,36,4,36.56
15940,311,1,35.8
17831,33,1,35.4
14576,372,1,35.4
16856,14,1,35.4
15744,77,1,34.8
16765,294,1,34.0
17408,163,1,32.65
13120,238,1,30.6
15657,22,1,30.0
17102,261,1,25.5
18268,134,1,25.5
16953,30,1,20.8
17986,56,1,20.8
16093,106,1,17.0
17763,263,1,15.0
15823,372,1,15.0
13307,120,1,15.0
16878,84,1,13.3
17956,249,1,12.75
16454,44,2,6.9
14792,63,1,6.2
16738,297,1,3.75
13256,14,1,0.0
